# Blender 5.2.2 LTS
# www.blender.org
mtllib maze-mark-bevel.mtl
o maze-mark-bevel
v -49.400002 0.000000 -44.097221
v -50.000000 0.600000 -44.097221
v -49.700001 0.080385 -44.097221
v -49.919617 0.300000 -44.097221
v -43.497223 0.600000 -44.097221
v -44.097221 0.600000 -43.497223
v -44.697220 0.000000 -44.697220
v -43.791718 0.600000 -44.008194
v -43.878571 0.306808 -44.185379
v -43.996971 0.315873 -44.096687
v -44.185379 0.306808 -43.878571
v -44.008194 0.600000 -43.791718
v -44.096691 0.315873 -43.996975
v -44.315872 0.088156 -44.404030
v -44.404030 0.088156 -44.315872
v -44.197941 0.154700 -44.197941
v -44.097221 0.600000 -50.000000
v -44.097221 0.000000 -49.400002
v -44.097221 0.300000 -49.919617
v -44.097221 0.080385 -49.700001
v -50.000000 0.600000 -49.400002
v -49.400002 0.600000 -50.000000
v -49.400002 0.000000 -49.400002
v -49.919842 0.600000 -49.699608
v -49.919842 0.300394 -49.400002
v -49.841980 0.313073 -49.686928
v -49.400002 0.300394 -49.919842
v -49.699608 0.600000 -49.919842
v -49.686928 0.313073 -49.841980
v -49.699608 0.080158 -49.400002
v -49.400002 0.080158 -49.699608
v -49.686928 0.158020 -49.686928
v -35.416668 0.000000 -44.697220
v -35.416668 0.600000 -44.097221
v -35.416668 0.080385 -44.397221
v -35.416668 0.300000 -44.177605
v -35.416668 0.600000 -50.000000
v -35.416668 0.000000 -49.400002
v -35.416668 0.300000 -49.919617
v -35.416668 0.080385 -49.700001
v -29.861111 0.000000 -44.697220
v -29.861111 0.600000 -44.097221
v -29.861111 0.080385 -44.397221
v -29.861111 0.300000 -44.177605
v -29.861111 0.600000 -50.000000
v -29.861111 0.000000 -49.400002
v -29.861111 0.300000 -49.919617
v -29.861111 0.080385 -49.700001
v -20.833334 0.000000 -44.697220
v -20.833334 0.600000 -44.097221
v -20.833334 0.080385 -44.397221
v -20.833334 0.300000 -44.177605
v -20.833334 0.600000 -50.000000
v -20.833334 0.000000 -49.400002
v -20.833334 0.300000 -49.919617
v -20.833334 0.080385 -49.700001
v -14.930555 0.000000 -44.697220
v -14.930555 0.600000 -44.097221
v -14.930555 0.080385 -44.397221
v -14.930555 0.300000 -44.177605
v -14.930555 0.600000 -50.000000
v -14.930555 0.000000 -49.400002
v -14.930555 0.300000 -49.919617
v -14.930555 0.080385 -49.700001
v -11.805555 0.000000 -44.697220
v -11.805555 0.600000 -44.097221
v -11.805555 0.080385 -44.397221
v -11.805555 0.300000 -44.177605
v -11.805555 0.600000 -50.000000
v -11.805555 0.000000 -49.400002
v -11.805555 0.300000 -49.919617
v -11.805555 0.080385 -49.700001
v -3.377778 0.600000 -44.097221
v -2.177778 0.000000 -44.697220
v -2.777778 0.600000 -43.497223
v -2.996428 0.306808 -44.185379
v -3.083283 0.600000 -44.008194
v -2.878025 0.315873 -44.096687
v -2.470971 0.088157 -44.315872
v -2.559128 0.088157 -44.404026
v -2.677062 0.154701 -44.197933
v -2.866804 0.600000 -43.791718
v -2.689620 0.306807 -43.878571
v -2.778309 0.315872 -43.996975
v -2.777778 0.600000 -50.000000
v -2.777778 0.000000 -49.400002
v -2.777778 0.300000 -49.919617
v -2.777778 0.080385 -49.700001
v 3.377778 0.600000 -44.097221
v 2.777778 0.600000 -43.497223
v 2.177778 0.000000 -44.697220
v 3.083283 0.600000 -44.008194
v 2.996428 0.306808 -44.185379
v 2.878025 0.315873 -44.096687
v 2.689620 0.306807 -43.878571
v 2.866804 0.600000 -43.791718
v 2.778309 0.315872 -43.996975
v 2.559128 0.088157 -44.404030
v 2.470971 0.088157 -44.315872
v 2.677062 0.154701 -44.197937
v 2.777778 0.600000 -50.000000
v 2.777778 0.000000 -49.400002
v 2.777778 0.300000 -49.919617
v 2.777778 0.080385 -49.700001
v 11.805555 0.000000 -44.697220
v 11.805555 0.600000 -44.097221
v 11.805555 0.080385 -44.397221
v 11.805555 0.300000 -44.177605
v 11.805555 0.600000 -50.000000
v 11.805555 0.000000 -49.400002
v 11.805555 0.300000 -49.919617
v 11.805555 0.080385 -49.700001
v 14.930555 0.000000 -44.697220
v 14.930555 0.600000 -44.097221
v 14.930555 0.080385 -44.397221
v 14.930555 0.300000 -44.177605
v 14.930555 0.600000 -50.000000
v 14.930555 0.000000 -49.400002
v 14.930555 0.300000 -49.919617
v 14.930555 0.080385 -49.700001
v 20.833334 0.000000 -44.697220
v 20.833334 0.600000 -44.097221
v 20.833334 0.080385 -44.397221
v 20.833334 0.300000 -44.177605
v 20.833334 0.600000 -50.000000
v 20.833334 0.000000 -49.400002
v 20.833334 0.300000 -49.919617
v 20.833334 0.080385 -49.700001
v 29.861111 0.000000 -44.697220
v 29.861111 0.600000 -44.097221
v 29.861111 0.080385 -44.397221
v 29.861111 0.300000 -44.177605
v 29.861111 0.600000 -50.000000
v 29.861111 0.000000 -49.400002
v 29.861111 0.300000 -49.919617
v 29.861111 0.080385 -49.700001
v 35.416668 0.000000 -44.697220
v 35.416668 0.600000 -44.097221
v 35.416668 0.080385 -44.397221
v 35.416668 0.300000 -44.177605
v 35.416668 0.600000 -50.000000
v 35.416668 0.000000 -49.400002
v 35.416668 0.300000 -49.919617
v 35.416668 0.080385 -49.700001
v 43.497223 0.600000 -44.097221
v 44.697220 0.000000 -44.697220
v 44.097221 0.600000 -43.497223
v 43.878571 0.306808 -44.185379
v 43.791718 0.600000 -44.008194
v 43.996975 0.315873 -44.096691
v 44.404030 0.088156 -44.315872
v 44.315872 0.088156 -44.404030
v 44.197941 0.154700 -44.197941
v 44.008194 0.600000 -43.791718
v 44.185379 0.306808 -43.878571
v 44.096687 0.315873 -43.996971
v 44.097221 0.600000 -50.000000
v 44.097221 0.000000 -49.400002
v 44.097221 0.300000 -49.919617
v 44.097221 0.080385 -49.700001
v 50.000000 0.600000 -44.097221
v 49.400002 0.000000 -44.097221
v 49.919617 0.300000 -44.097221
v 49.700001 0.080385 -44.097221
v 50.000000 0.600000 -49.400002
v 49.400002 0.000000 -49.400002
v 49.400002 0.600000 -50.000000
v 49.919842 0.300394 -49.400002
v 49.919842 0.600000 -49.699608
v 49.841980 0.313073 -49.686928
v 49.400002 0.080158 -49.699608
v 49.699608 0.080158 -49.400002
v 49.686928 0.158020 -49.686928
v 49.699608 0.600000 -49.919842
v 49.400002 0.300394 -49.919842
v 49.686928 0.313073 -49.841980
v -49.400002 0.000000 -35.416668
v -50.000000 0.600000 -35.416668
v -49.700001 0.080385 -35.416668
v -49.919617 0.300000 -35.416668
v -44.097221 0.600000 -35.416668
v -44.697220 0.000000 -35.416668
v -44.177605 0.300000 -35.416668
v -44.397221 0.080385 -35.416668
v -2.177778 0.000000 -35.416668
v -2.777778 0.600000 -35.416668
v -2.477778 0.080385 -35.416668
v -2.697393 0.300000 -35.416668
v 2.777778 0.600000 -35.416668
v 2.177778 0.000000 -35.416668
v 2.697393 0.300000 -35.416668
v 2.477778 0.080385 -35.416668
v 44.697220 0.000000 -35.416668
v 44.097221 0.600000 -35.416668
v 44.397221 0.080385 -35.416668
v 44.177605 0.300000 -35.416668
v 50.000000 0.600000 -35.416668
v 49.400002 0.000000 -35.416668
v 49.919617 0.300000 -35.416668
v 49.700001 0.080385 -35.416668
v -49.400002 0.000000 -29.861111
v -50.000000 0.600000 -29.861111
v -49.700001 0.080385 -29.861111
v -49.919617 0.300000 -29.861111
v -44.097221 0.600000 -29.861111
v -44.697220 0.000000 -29.861111
v -44.177605 0.300000 -29.861111
v -44.397221 0.080385 -29.861111
v -34.816669 0.000000 -29.861111
v -35.416668 0.600000 -29.861111
v -35.116669 0.080385 -29.861111
v -35.336285 0.300000 -29.861111
v -29.261110 0.600000 -29.861111
v -29.861111 0.600000 -29.261110
v -30.461111 0.000000 -30.461111
v -29.555607 0.600000 -29.772085
v -29.642460 0.306806 -29.949266
v -29.760864 0.315872 -29.860580
v -29.949266 0.306806 -29.642460
v -29.772087 0.600000 -29.555607
v -29.860580 0.315872 -29.760866
v -30.079758 0.088157 -30.167915
v -30.167915 0.088157 -30.079760
v -29.961826 0.154700 -29.961824
v -29.861111 0.600000 -35.416668
v -29.861111 0.000000 -34.816669
v -29.861111 0.300000 -35.336285
v -29.861111 0.080385 -35.116669
v -35.416668 0.600000 -34.816669
v -34.816669 0.600000 -35.416668
v -34.816669 0.000000 -34.816669
v -35.336506 0.600000 -35.116272
v -35.336506 0.300394 -34.816666
v -35.258644 0.313073 -35.103592
v -34.816666 0.300394 -35.336506
v -35.116272 0.600000 -35.336506
v -35.103592 0.313073 -35.258644
v -35.116272 0.080158 -34.816666
v -34.816666 0.080158 -35.116272
v -35.103592 0.158020 -35.103592
v -20.833334 0.000000 -30.461111
v -20.833334 0.600000 -29.861111
v -20.833334 0.080385 -30.161110
v -20.833334 0.300000 -29.941494
v -20.833334 0.600000 -35.416668
v -20.833334 0.000000 -34.816669
v -20.833334 0.300000 -35.336285
v -20.833334 0.080385 -35.116669
v -14.930555 0.000000 -30.461111
v -14.930555 0.600000 -29.861111
v -14.930555 0.080385 -30.161110
v -14.930555 0.300000 -29.941494
v -14.930555 0.600000 -35.416668
v -14.930555 0.000000 -34.816669
v -14.930555 0.300000 -35.336285
v -14.930555 0.080385 -35.116669
v -12.405556 0.600000 -29.861111
v -12.405556 0.000000 -30.461111
v -11.805555 0.600000 -30.461111
v -12.405557 0.300394 -29.941269
v -12.105950 0.600000 -29.941269
v -12.118629 0.313073 -30.019131
v -12.105950 0.080158 -30.461111
v -12.405557 0.080158 -30.161505
v -12.118629 0.158020 -30.174185
v -11.885714 0.600000 -30.161505
v -11.885714 0.300394 -30.461111
v -11.963577 0.313073 -30.174185
v -11.805555 0.600000 -34.816669
v -12.405556 0.000000 -34.816669
v -12.405556 0.600000 -35.416668
v -11.885714 0.300394 -34.816666
v -11.885714 0.600000 -35.116272
v -11.963577 0.313073 -35.103592
v -12.405557 0.080158 -35.116272
v -12.105950 0.080158 -34.816666
v -12.118629 0.158020 -35.103592
v -12.105950 0.600000 -35.336506
v -12.405557 0.300394 -35.336506
v -12.118629 0.313073 -35.258644
v -2.177778 0.000000 -29.861111
v -2.777778 0.600000 -29.861111
v -2.477778 0.080385 -29.861111
v -2.697393 0.300000 -29.861111
v 2.777778 0.600000 -29.861111
v 2.177778 0.000000 -29.861111
v 2.697393 0.300000 -29.861111
v 2.477778 0.080385 -29.861111
v 11.805555 0.600000 -30.461111
v 12.405556 0.000000 -30.461111
v 12.405556 0.600000 -29.861111
v 11.885714 0.300394 -30.461111
v 11.885714 0.600000 -30.161505
v 11.963577 0.313073 -30.174185
v 12.405557 0.080158 -30.161505
v 12.105950 0.080158 -30.461111
v 12.118629 0.158020 -30.174185
v 12.105950 0.600000 -29.941269
v 12.405557 0.300394 -29.941269
v 12.118629 0.313073 -30.019131
v 14.930555 0.000000 -30.461111
v 14.930555 0.600000 -29.861111
v 14.930555 0.080385 -30.161110
v 14.930555 0.300000 -29.941494
v 14.930555 0.600000 -35.416668
v 14.930555 0.000000 -34.816669
v 14.930555 0.300000 -35.336285
v 14.930555 0.080385 -35.116669
v 11.805555 0.600000 -34.816669
v 12.405556 0.600000 -35.416668
v 12.405556 0.000000 -34.816669
v 11.885714 0.600000 -35.116272
v 11.885714 0.300394 -34.816666
v 11.963577 0.313073 -35.103592
v 12.405557 0.300394 -35.336506
v 12.105950 0.600000 -35.336506
v 12.118629 0.313073 -35.258644
v 12.105950 0.080158 -34.816666
v 12.405557 0.080158 -35.116272
v 12.118629 0.158020 -35.103592
v 20.833334 0.000000 -30.461111
v 20.833334 0.600000 -29.861111
v 20.833334 0.080385 -30.161110
v 20.833334 0.300000 -29.941494
v 20.833334 0.600000 -35.416668
v 20.833334 0.000000 -34.816669
v 20.833334 0.300000 -35.336285
v 20.833334 0.080385 -35.116669
v 29.261110 0.600000 -29.861111
v 30.461111 0.000000 -30.461111
v 29.861111 0.600000 -29.261110
v 29.642460 0.306806 -29.949266
v 29.555607 0.600000 -29.772087
v 29.760866 0.315872 -29.860580
v 30.167915 0.088157 -30.079758
v 30.079760 0.088157 -30.167915
v 29.961824 0.154700 -29.961826
v 29.772085 0.600000 -29.555607
v 29.949266 0.306806 -29.642460
v 29.860580 0.315872 -29.760864
v 29.861111 0.600000 -35.416668
v 29.861111 0.000000 -34.816669
v 29.861111 0.300000 -35.336285
v 29.861111 0.080385 -35.116669
v 35.416668 0.600000 -29.861111
v 34.816669 0.000000 -29.861111
v 35.336285 0.300000 -29.861111
v 35.116669 0.080385 -29.861111
v 35.416668 0.600000 -34.816669
v 34.816669 0.000000 -34.816669
v 34.816669 0.600000 -35.416668
v 35.336506 0.300394 -34.816666
v 35.336506 0.600000 -35.116272
v 35.258644 0.313073 -35.103592
v 34.816666 0.080158 -35.116272
v 35.116272 0.080158 -34.816666
v 35.103592 0.158020 -35.103592
v 35.116272 0.600000 -35.336506
v 34.816666 0.300394 -35.336506
v 35.103592 0.313073 -35.258644
v 44.697220 0.000000 -29.861111
v 44.097221 0.600000 -29.861111
v 44.397221 0.080385 -29.861111
v 44.177605 0.300000 -29.861111
v 50.000000 0.600000 -29.861111
v 49.400002 0.000000 -29.861111
v 49.919617 0.300000 -29.861111
v 49.700001 0.080385 -29.861111
v -49.400002 0.000000 -20.833334
v -50.000000 0.600000 -20.833334
v -49.700001 0.080385 -20.833334
v -49.919617 0.300000 -20.833334
v -44.097221 0.600000 -20.833334
v -44.697220 0.000000 -20.833334
v -44.177605 0.300000 -20.833334
v -44.397221 0.080385 -20.833334
v -34.816669 0.000000 -20.833334
v -35.416668 0.600000 -20.833334
v -35.116669 0.080385 -20.833334
v -35.336285 0.300000 -20.833334
v -29.861111 0.600000 -20.833334
v -30.461111 0.000000 -20.833334
v -29.941494 0.300000 -20.833334
v -30.161110 0.080385 -20.833334
v -2.777778 0.600000 -21.433334
v -2.177778 0.000000 -20.233334
v -3.377778 0.600000 -20.833334
v -2.689620 0.306807 -21.051985
v -2.866805 0.600000 -21.138840
v -2.778309 0.315872 -20.933582
v -2.559128 0.088158 -20.526527
v -2.470971 0.088157 -20.614685
v -2.677063 0.154701 -20.732620
v -3.083283 0.600000 -20.922363
v -2.996426 0.306806 -20.745174
v -2.878024 0.315872 -20.833866
v 2.777778 0.600000 -21.433334
v 3.377778 0.600000 -20.833334
v 2.177778 0.000000 -20.233334
v 2.866805 0.600000 -21.138840
v 2.689620 0.306807 -21.051983
v 2.778309 0.315873 -20.933578
v 2.996426 0.306806 -20.745176
v 3.083282 0.600000 -20.922363
v 2.878023 0.315872 -20.833866
v 2.470971 0.088157 -20.614683
v 2.559128 0.088158 -20.526525
v 2.677062 0.154701 -20.732618
v 30.461111 0.000000 -20.833334
v 29.861111 0.600000 -20.833334
v 30.161110 0.080385 -20.833334
v 29.941494 0.300000 -20.833334
v 35.416668 0.600000 -20.833334
v 34.816669 0.000000 -20.833334
v 35.336285 0.300000 -20.833334
v 35.116669 0.080385 -20.833334
v 44.697220 0.000000 -20.833334
v 44.097221 0.600000 -20.833334
v 44.397221 0.080385 -20.833334
v 44.177605 0.300000 -20.833334
v 50.000000 0.600000 -20.833334
v 49.400002 0.000000 -20.833334
v 49.919617 0.300000 -20.833334
v 49.700001 0.080385 -20.833334
v -49.400002 0.000000 -14.930555
v -50.000000 0.600000 -14.930555
v -49.700001 0.080385 -14.930555
v -49.919617 0.300000 -14.930555
v -44.097221 0.600000 -14.930555
v -44.697220 0.000000 -14.930555
v -44.177605 0.300000 -14.930555
v -44.397221 0.080385 -14.930555
v -34.816669 0.000000 -14.930555
v -35.416668 0.600000 -14.930555
v -35.116669 0.080385 -14.930555
v -35.336285 0.300000 -14.930555
v -29.861111 0.600000 -14.930555
v -30.461111 0.000000 -14.930555
v -29.941494 0.300000 -14.930555
v -30.161110 0.080385 -14.930555
v -20.233334 0.000000 -14.930555
v -20.833334 0.600000 -14.930555
v -20.533333 0.080385 -14.930555
v -20.752947 0.300000 -14.930555
v -14.330555 0.600000 -14.930555
v -14.930555 0.600000 -14.330555
v -15.530556 0.000000 -15.530556
v -14.625050 0.600000 -14.841528
v -14.711906 0.306807 -15.018713
v -14.830308 0.315872 -14.930023
v -15.018713 0.306807 -14.711905
v -14.841528 0.600000 -14.625050
v -14.930023 0.315872 -14.830308
v -15.149205 0.088157 -15.237363
v -15.237362 0.088157 -15.149204
v -15.031271 0.154701 -15.031271
v -14.930555 0.600000 -20.833334
v -14.930555 0.000000 -20.233334
v -14.930555 0.300000 -20.752947
v -14.930555 0.080385 -20.533333
v -20.833334 0.600000 -20.233334
v -20.233334 0.600000 -20.833334
v -20.233334 0.000000 -20.233334
v -20.753176 0.600000 -20.532940
v -20.753176 0.300394 -20.233334
v -20.675314 0.313073 -20.520260
v -20.233334 0.300394 -20.753176
v -20.532940 0.600000 -20.753176
v -20.520260 0.313073 -20.675314
v -20.532940 0.080158 -20.233334
v -20.233334 0.080158 -20.532940
v -20.520260 0.158020 -20.520260
v -11.805555 0.000000 -15.530556
v -11.805555 0.600000 -14.930555
v -11.805555 0.080385 -15.230556
v -11.805555 0.300000 -15.010941
v -11.805555 0.600000 -20.833334
v -11.805555 0.000000 -20.233334
v -11.805555 0.300000 -20.752947
v -11.805555 0.080385 -20.533333
v -2.777778 0.000000 -15.530556
v -2.777778 0.600000 -14.930555
v -2.777778 0.080385 -15.230556
v -2.777778 0.300000 -15.010941
v 2.777778 0.000000 -15.530556
v 2.777778 0.600000 -14.930555
v 2.777778 0.080385 -15.230556
v 2.777778 0.300000 -15.010941
v 11.805555 0.000000 -15.530556
v 11.805555 0.600000 -14.930555
v 11.805555 0.080385 -15.230556
v 11.805555 0.300000 -15.010941
v 11.805555 0.600000 -20.833334
v 11.805555 0.000000 -20.233334
v 11.805555 0.300000 -20.752947
v 11.805555 0.080385 -20.533333
v 14.330555 0.600000 -14.930555
v 15.530556 0.000000 -15.530556
v 14.930555 0.600000 -14.330555
v 14.711905 0.306807 -15.018713
v 14.625050 0.600000 -14.841528
v 14.830308 0.315872 -14.930023
v 15.237363 0.088157 -15.149205
v 15.149204 0.088157 -15.237362
v 15.031271 0.154701 -15.031271
v 14.841528 0.600000 -14.625050
v 15.018713 0.306807 -14.711906
v 14.930023 0.315872 -14.830308
v 14.930555 0.600000 -20.833334
v 14.930555 0.000000 -20.233334
v 14.930555 0.300000 -20.752947
v 14.930555 0.080385 -20.533333
v 20.833334 0.600000 -14.930555
v 20.233334 0.000000 -14.930555
v 20.752947 0.300000 -14.930555
v 20.533333 0.080385 -14.930555
v 20.833334 0.600000 -20.233334
v 20.233334 0.000000 -20.233334
v 20.233334 0.600000 -20.833334
v 20.753176 0.300394 -20.233334
v 20.753176 0.600000 -20.532940
v 20.675314 0.313073 -20.520260
v 20.233334 0.080158 -20.532940
v 20.532940 0.080158 -20.233334
v 20.520260 0.158020 -20.520260
v 20.532940 0.600000 -20.753176
v 20.233334 0.300394 -20.753176
v 20.520260 0.313073 -20.675314
v 30.461111 0.000000 -14.930555
v 29.861111 0.600000 -14.930555
v 30.161110 0.080385 -14.930555
v 29.941494 0.300000 -14.930555
v 35.416668 0.600000 -14.930555
v 34.816669 0.000000 -14.930555
v 35.336285 0.300000 -14.930555
v 35.116669 0.080385 -14.930555
v 44.697220 0.000000 -14.930555
v 44.097221 0.600000 -14.930555
v 44.397221 0.080385 -14.930555
v 44.177605 0.300000 -14.930555
v 50.000000 0.600000 -14.930555
v 49.400002 0.000000 -14.930555
v 49.919617 0.300000 -14.930555
v 49.700001 0.080385 -14.930555
v -49.400002 0.000000 -11.805555
v -50.000000 0.600000 -11.805555
v -49.700001 0.080385 -11.805555
v -49.919617 0.300000 -11.805555
v -44.097221 0.600000 -11.805555
v -44.697220 0.000000 -11.805555
v -44.177605 0.300000 -11.805555
v -44.397221 0.080385 -11.805555
v -34.816669 0.000000 -11.805555
v -35.416668 0.600000 -11.805555
v -35.116669 0.080385 -11.805555
v -35.336285 0.300000 -11.805555
v -29.861111 0.600000 -11.805555
v -30.461111 0.000000 -11.805555
v -29.941494 0.300000 -11.805555
v -30.161110 0.080385 -11.805555
v -20.233334 0.000000 -11.805555
v -20.833334 0.600000 -11.805555
v -20.533333 0.080385 -11.805555
v -20.752947 0.300000 -11.805555
v -14.930555 0.600000 -11.805555
v -15.530556 0.000000 -11.805555
v -15.010941 0.300000 -11.805555
v -15.230556 0.080385 -11.805555
v 15.530556 0.000000 -11.805555
v 14.930555 0.600000 -11.805555
v 15.230556 0.080385 -11.805555
v 15.010941 0.300000 -11.805555
v 20.833334 0.600000 -11.805555
v 20.233334 0.000000 -11.805555
v 20.752947 0.300000 -11.805555
v 20.533333 0.080385 -11.805555
v 29.861111 0.600000 -12.405556
v 30.461111 0.000000 -12.405556
v 30.461111 0.600000 -11.805555
v 29.941269 0.300394 -12.405557
v 29.941269 0.600000 -12.105950
v 30.019131 0.313073 -12.118629
v 30.461111 0.080158 -12.105950
v 30.161505 0.080158 -12.405557
v 30.174185 0.158020 -12.118629
v 30.161505 0.600000 -11.885714
v 30.461111 0.300394 -11.885714
v 30.174185 0.313073 -11.963577
v 34.816669 0.600000 -11.805555
v 34.816669 0.000000 -12.405556
v 35.416668 0.600000 -12.405556
v 34.816666 0.300394 -11.885714
v 35.116272 0.600000 -11.885714
v 35.103592 0.313073 -11.963577
v 35.116272 0.080158 -12.405557
v 34.816666 0.080158 -12.105950
v 35.103592 0.158020 -12.118629
v 35.336506 0.600000 -12.105950
v 35.336506 0.300394 -12.405557
v 35.258644 0.313073 -12.118629
v 44.697220 0.000000 -11.805555
v 44.097221 0.600000 -11.805555
v 44.397221 0.080385 -11.805555
v 44.177605 0.300000 -11.805555
v 50.000000 0.600000 -11.805555
v 49.400002 0.000000 -11.805555
v 49.919617 0.300000 -11.805555
v 49.700001 0.080385 -11.805555
v -49.400002 0.000000 -2.777778
v -50.000000 0.600000 -2.777778
v -49.700001 0.080385 -2.777778
v -49.919617 0.300000 -2.777778
v -44.097221 0.600000 -2.777778
v -44.697220 0.000000 -2.777778
v -44.177605 0.300000 -2.777778
v -44.397221 0.080385 -2.777778
v -34.816669 0.000000 -2.777778
v -35.416668 0.600000 -2.777778
v -35.116669 0.080385 -2.777778
v -35.336285 0.300000 -2.777778
v -29.861111 0.600000 -3.377778
v -29.261110 0.600000 -2.777778
v -30.461111 0.000000 -2.177778
v -29.772087 0.600000 -3.083282
v -29.949265 0.306806 -2.996429
v -29.860580 0.315872 -2.878025
v -29.642460 0.306807 -2.689620
v -29.555607 0.600000 -2.866804
v -29.760864 0.315872 -2.778309
v -30.167915 0.088157 -2.559130
v -30.079762 0.088157 -2.470971
v -29.961826 0.154701 -2.677063
v -20.833334 0.600000 -3.377778
v -20.233334 0.000000 -2.177778
v -21.433334 0.600000 -2.777778
v -20.745176 0.306806 -2.996426
v -20.922363 0.600000 -3.083282
v -20.833866 0.315872 -2.878023
v -20.614683 0.088157 -2.470971
v -20.526525 0.088158 -2.559128
v -20.732618 0.154701 -2.677062
v -21.138840 0.600000 -2.866805
v -21.051983 0.306807 -2.689620
v -20.933578 0.315873 -2.778309
v -14.930555 0.600000 -2.777778
v -15.530556 0.000000 -2.777778
v -15.010941 0.300000 -2.777778
v -15.230556 0.080385 -2.777778
v 15.530556 0.000000 -2.777778
v 14.930555 0.600000 -2.777778
v 15.230556 0.080385 -2.777778
v 15.010941 0.300000 -2.777778
v 20.833334 0.600000 -2.777778
v 20.233334 0.000000 -2.777778
v 20.752947 0.300000 -2.777778
v 20.533333 0.080385 -2.777778
v 44.097221 0.600000 -3.377778
v 44.697220 0.000000 -2.177778
v 43.497223 0.600000 -2.777778
v 44.185379 0.306808 -2.996428
v 44.008194 0.600000 -3.083283
v 44.096687 0.315873 -2.878025
v 44.315872 0.088157 -2.470971
v 44.404026 0.088157 -2.559128
v 44.197933 0.154701 -2.677062
v 43.791718 0.600000 -2.866804
v 43.878571 0.306807 -2.689620
v 43.996975 0.315872 -2.778309
v 50.000000 0.600000 -2.777778
v 49.400002 0.000000 -2.777778
v 49.919617 0.300000 -2.777778
v 49.700001 0.080385 -2.777778
v -49.400002 0.000000 2.777778
v -50.000000 0.600000 2.777778
v -49.700001 0.080385 2.777778
v -49.919617 0.300000 2.777778
v -44.097221 0.600000 2.777778
v -44.697220 0.000000 2.777778
v -44.177605 0.300000 2.777778
v -44.397221 0.080385 2.777778
v -35.416668 0.600000 2.177778
v -34.816669 0.000000 2.177778
v -34.816669 0.600000 2.777778
v -35.336506 0.300394 2.177778
v -35.336506 0.600000 2.477384
v -35.258644 0.313073 2.464705
v -34.816666 0.080158 2.477384
v -35.116272 0.080158 2.177778
v -35.103592 0.158020 2.464705
v -35.116272 0.600000 2.697620
v -34.816666 0.300394 2.697620
v -35.103592 0.313073 2.619757
v -29.861111 0.000000 2.177778
v -29.861111 0.600000 2.777778
v -29.861111 0.080385 2.477778
v -29.861111 0.300000 2.697393
v -21.433334 0.600000 2.777778
v -20.233334 0.000000 2.177778
v -20.833334 0.600000 3.377778
v -21.051985 0.306807 2.689620
v -21.138840 0.600000 2.866805
v -20.933582 0.315873 2.778309
v -20.526527 0.088158 2.559128
v -20.614685 0.088157 2.470971
v -20.732620 0.154701 2.677063
v -20.922363 0.600000 3.083283
v -20.745174 0.306806 2.996426
v -20.833866 0.315872 2.878024
v -14.930555 0.600000 2.777778
v -15.530556 0.000000 2.777778
v -15.010941 0.300000 2.777778
v -15.230556 0.080385 2.777778
v 15.530556 0.000000 2.777778
v 14.930555 0.600000 2.777778
v 15.230556 0.080385 2.777778
v 15.010941 0.300000 2.777778
v 20.833334 0.600000 2.777778
v 20.233334 0.000000 2.777778
v 20.752947 0.300000 2.777778
v 20.533333 0.080385 2.777778
v 30.461111 0.000000 2.777778
v 29.861111 0.600000 2.777778
v 30.161110 0.080385 2.777778
v 29.941494 0.300000 2.777778
v 36.016666 0.600000 2.777778
v 35.416668 0.600000 3.377778
v 34.816669 0.000000 2.177778
v 35.722176 0.600000 2.866804
v 35.635319 0.306807 2.689620
v 35.516918 0.315872 2.778309
v 35.328510 0.306808 2.996428
v 35.505695 0.600000 3.083283
v 35.417202 0.315873 2.878025
v 35.198017 0.088157 2.470971
v 35.109863 0.088157 2.559128
v 35.315952 0.154701 2.677062
v 35.416668 0.600000 -2.777778
v 35.416668 0.000000 -2.177778
v 35.416668 0.300000 -2.697393
v 35.416668 0.080385 -2.477778
v 29.861111 0.600000 -2.177778
v 30.461111 0.600000 -2.777778
v 30.461111 0.000000 -2.177778
v 29.941269 0.600000 -2.477384
v 29.941269 0.300394 -2.177778
v 30.019131 0.313073 -2.464705
v 30.461111 0.300394 -2.697620
v 30.161505 0.600000 -2.697620
v 30.174185 0.313073 -2.619757
v 30.161505 0.080158 -2.177778
v 30.461111 0.080158 -2.477384
v 30.174185 0.158020 -2.464705
v 43.497223 0.600000 2.777778
v 44.697220 0.000000 2.177778
v 44.097221 0.600000 3.377778
v 43.878571 0.306807 2.689620
v 43.791718 0.600000 2.866804
v 43.996975 0.315872 2.778309
v 44.404030 0.088157 2.559128
v 44.315872 0.088157 2.470971
v 44.197937 0.154701 2.677062
v 44.008194 0.600000 3.083283
v 44.185379 0.306808 2.996428
v 44.096687 0.315873 2.878025
v 50.000000 0.600000 2.777778
v 49.400002 0.000000 2.777778
v 49.919617 0.300000 2.777778
v 49.700001 0.080385 2.777778
v -49.400002 0.000000 11.805555
v -50.000000 0.600000 11.805555
v -49.700001 0.080385 11.805555
v -49.919617 0.300000 11.805555
v -44.097221 0.600000 11.205555
v -43.497223 0.600000 11.805555
v -44.697220 0.000000 12.405556
v -44.008194 0.600000 11.500050
v -44.185379 0.306807 11.586905
v -44.096691 0.315873 11.705308
v -43.878571 0.306807 11.893713
v -43.791718 0.600000 11.716529
v -43.996975 0.315872 11.805025
v -44.404026 0.088157 12.024205
v -44.315872 0.088157 12.112363
v -44.197937 0.154701 11.906272
v -20.233334 0.000000 11.805555
v -20.833334 0.600000 11.805555
v -20.533333 0.080385 11.805555
v -20.752947 0.300000 11.805555
v -14.930555 0.600000 11.805555
v -15.530556 0.000000 11.805555
v -15.010941 0.300000 11.805555
v -15.230556 0.080385 11.805555
v 15.530556 0.000000 11.805555
v 14.930555 0.600000 11.805555
v 15.230556 0.080385 11.805555
v 15.010941 0.300000 11.805555
v 20.833334 0.600000 11.805555
v 20.233334 0.000000 11.805555
v 20.752947 0.300000 11.805555
v 20.533333 0.080385 11.805555
v 30.461111 0.000000 11.805555
v 29.861111 0.600000 11.805555
v 30.161110 0.080385 11.805555
v 29.941494 0.300000 11.805555
v 35.416668 0.600000 11.805555
v 34.816669 0.000000 11.805555
v 35.336285 0.300000 11.805555
v 35.116669 0.080385 11.805555
v 44.697220 0.000000 11.805555
v 44.097221 0.600000 11.805555
v 44.397221 0.080385 11.805555
v 44.177605 0.300000 11.805555
v 50.000000 0.600000 11.805555
v 49.400002 0.000000 11.805555
v 49.919617 0.300000 11.805555
v 49.700001 0.080385 11.805555
v -49.400002 0.000000 14.930555
v -50.000000 0.600000 14.930555
v -49.700001 0.080385 14.930555
v -49.919617 0.300000 14.930555
v -43.497223 0.600000 14.930555
v -44.097221 0.600000 15.530556
v -44.697220 0.000000 14.330555
v -43.791718 0.600000 15.019582
v -43.878571 0.306807 14.842398
v -43.996971 0.315872 14.931087
v -44.185379 0.306808 15.149206
v -44.008194 0.600000 15.236061
v -44.096687 0.315873 15.030803
v -44.315872 0.088157 14.623747
v -44.404026 0.088157 14.711906
v -44.197937 0.154700 14.829840
v -36.016666 0.600000 14.930555
v -34.816669 0.000000 14.330555
v -35.416668 0.600000 15.530556
v -35.635319 0.306807 14.842398
v -35.722172 0.600000 15.019582
v -35.516918 0.315872 14.931087
v -35.109863 0.088157 14.711905
v -35.198017 0.088157 14.623749
v -35.315952 0.154701 14.829840
v -35.505695 0.600000 15.236061
v -35.328510 0.306807 15.149204
v -35.417202 0.315873 15.030804
v -35.416668 0.600000 11.805555
v -35.416668 0.000000 12.405556
v -35.416668 0.300000 11.885941
v -35.416668 0.080385 12.105556
v -29.861111 0.600000 14.930555
v -30.461111 0.000000 14.930555
v -29.941494 0.300000 14.930555
v -30.161110 0.080385 14.930555
v -29.861111 0.600000 12.405556
v -30.461111 0.000000 12.405556
v -30.461111 0.600000 11.805555
v -29.941269 0.300394 12.405557
v -29.941269 0.600000 12.105950
v -30.019131 0.313073 12.118629
v -30.461111 0.080158 12.105950
v -30.161505 0.080158 12.405557
v -30.174185 0.158020 12.118629
v -30.161505 0.600000 11.885714
v -30.461111 0.300394 11.885714
v -30.174185 0.313073 11.963577
v -20.233334 0.000000 14.930555
v -20.833334 0.600000 14.930555
v -20.533333 0.080385 14.930555
v -20.752947 0.300000 14.930555
v -14.930555 0.600000 14.330555
v -14.330555 0.600000 14.930555
v -15.530556 0.000000 15.530556
v -14.841528 0.600000 14.625050
v -15.018713 0.306807 14.711906
v -14.930023 0.315872 14.830308
v -14.711905 0.306807 15.018713
v -14.625050 0.600000 14.841528
v -14.830308 0.315872 14.930023
v -15.237363 0.088157 15.149205
v -15.149204 0.088157 15.237362
v -15.031271 0.154701 15.031271
v 14.930555 0.600000 14.330555
v 15.530556 0.000000 15.530556
v 14.330555 0.600000 14.930555
v 15.018713 0.306807 14.711905
v 14.841528 0.600000 14.625050
v 14.930023 0.315872 14.830308
v 15.149205 0.088157 15.237363
v 15.237362 0.088157 15.149204
v 15.031271 0.154701 15.031271
v 14.625050 0.600000 14.841528
v 14.711906 0.306807 15.018713
v 14.830308 0.315872 14.930023
v 20.833334 0.600000 14.930555
v 20.233334 0.000000 14.930555
v 20.752947 0.300000 14.930555
v 20.533333 0.080385 14.930555
v 30.461111 0.000000 14.930555
v 29.861111 0.600000 14.930555
v 30.161110 0.080385 14.930555
v 29.941494 0.300000 14.930555
v 35.416668 0.600000 14.930555
v 34.816669 0.000000 14.930555
v 35.336285 0.300000 14.930555
v 35.116669 0.080385 14.930555
v 44.697220 0.000000 14.930555
v 44.097221 0.600000 14.930555
v 44.397221 0.080385 14.930555
v 44.177605 0.300000 14.930555
v 50.000000 0.600000 14.930555
v 49.400002 0.000000 14.930555
v 49.919617 0.300000 14.930555
v 49.700001 0.080385 14.930555
v -49.400002 0.000000 20.833334
v -50.000000 0.600000 20.833334
v -49.700001 0.080385 20.833334
v -49.919617 0.300000 20.833334
v -44.097221 0.600000 20.833334
v -44.697220 0.000000 20.833334
v -44.177605 0.300000 20.833334
v -44.397221 0.080385 20.833334
v -34.816669 0.000000 20.833334
v -35.416668 0.600000 20.833334
v -35.116669 0.080385 20.833334
v -35.336285 0.300000 20.833334
v -29.861111 0.600000 20.833334
v -30.461111 0.000000 20.833334
v -29.941494 0.300000 20.833334
v -30.161110 0.080385 20.833334
v -20.833334 0.600000 20.233334
v -20.233334 0.000000 20.233334
v -20.233334 0.600000 20.833334
v -20.753176 0.300394 20.233334
v -20.753176 0.600000 20.532940
v -20.675314 0.313073 20.520260
v -20.233334 0.080158 20.532940
v -20.532940 0.080158 20.233334
v -20.520260 0.158020 20.520260
v -20.532940 0.600000 20.753176
v -20.233334 0.300394 20.753176
v -20.520260 0.313073 20.675314
v -14.930555 0.000000 20.233334
v -14.930555 0.600000 20.833334
v -14.930555 0.080385 20.533333
v -14.930555 0.300000 20.752947
v -11.805555 0.000000 20.233334
v -11.805555 0.600000 20.833334
v -11.805555 0.080385 20.533333
v -11.805555 0.300000 20.752947
v -11.805555 0.600000 14.930555
v -11.805555 0.000000 15.530556
v -11.805555 0.300000 15.010941
v -11.805555 0.080385 15.230556
v -2.777778 0.000000 20.233334
v -2.777778 0.600000 20.833334
v -2.777778 0.080385 20.533333
v -2.777778 0.300000 20.752947
v -2.777778 0.600000 14.930555
v -2.777778 0.000000 15.530556
v -2.777778 0.300000 15.010941
v -2.777778 0.080385 15.230556
v 2.777778 0.000000 20.233334
v 2.777778 0.600000 20.833334
v 2.777778 0.080385 20.533333
v 2.777778 0.300000 20.752947
v 2.777778 0.600000 14.930555
v 2.777778 0.000000 15.530556
v 2.777778 0.300000 15.010941
v 2.777778 0.080385 15.230556
v 11.805555 0.000000 20.233334
v 11.805555 0.600000 20.833334
v 11.805555 0.080385 20.533333
v 11.805555 0.300000 20.752947
v 11.805555 0.600000 14.930555
v 11.805555 0.000000 15.530556
v 11.805555 0.300000 15.010941
v 11.805555 0.080385 15.230556
v 14.930555 0.000000 20.233334
v 14.930555 0.600000 20.833334
v 14.930555 0.080385 20.533333
v 14.930555 0.300000 20.752947
v 20.233334 0.600000 20.833334
v 20.233334 0.000000 20.233334
v 20.833334 0.600000 20.233334
v 20.233334 0.300394 20.753176
v 20.532940 0.600000 20.753176
v 20.520260 0.313073 20.675314
v 20.532940 0.080158 20.233334
v 20.233334 0.080158 20.532940
v 20.520260 0.158020 20.520260
v 20.753176 0.600000 20.532940
v 20.753176 0.300394 20.233334
v 20.675314 0.313073 20.520260
v 30.461111 0.000000 20.833334
v 29.861111 0.600000 20.833334
v 30.161110 0.080385 20.833334
v 29.941494 0.300000 20.833334
v 35.416668 0.600000 20.833334
v 34.816669 0.000000 20.833334
v 35.336285 0.300000 20.833334
v 35.116669 0.080385 20.833334
v 44.697220 0.000000 20.833334
v 44.097221 0.600000 20.833334
v 44.397221 0.080385 20.833334
v 44.177605 0.300000 20.833334
v 50.000000 0.600000 20.833334
v 49.400002 0.000000 20.833334
v 49.919617 0.300000 20.833334
v 49.700001 0.080385 20.833334
v -49.400002 0.000000 29.861111
v -50.000000 0.600000 29.861111
v -49.700001 0.080385 29.861111
v -49.919617 0.300000 29.861111
v -44.097221 0.600000 29.861111
v -44.697220 0.000000 29.861111
v -44.177605 0.300000 29.861111
v -44.397221 0.080385 29.861111
v -34.816669 0.000000 29.861111
v -35.416668 0.600000 29.861111
v -35.116669 0.080385 29.861111
v -35.336285 0.300000 29.861111
v -29.861111 0.600000 29.261110
v -29.261110 0.600000 29.861111
v -30.461111 0.000000 30.461111
v -29.772085 0.600000 29.555607
v -29.949266 0.306806 29.642460
v -29.860580 0.315872 29.760864
v -29.642460 0.306806 29.949266
v -29.555607 0.600000 29.772087
v -29.760866 0.315872 29.860580
v -30.167915 0.088157 30.079758
v -30.079760 0.088157 30.167915
v -29.961824 0.154700 29.961826
v 29.861111 0.600000 29.261110
v 30.461111 0.000000 30.461111
v 29.261110 0.600000 29.861111
v 29.949266 0.306806 29.642460
v 29.772087 0.600000 29.555607
v 29.860580 0.315872 29.760866
v 30.079758 0.088157 30.167915
v 30.167915 0.088157 30.079760
v 29.961826 0.154700 29.961824
v 29.555607 0.600000 29.772085
v 29.642460 0.306806 29.949266
v 29.760864 0.315872 29.860580
v 35.416668 0.600000 29.861111
v 34.816669 0.000000 29.861111
v 35.336285 0.300000 29.861111
v 35.116669 0.080385 29.861111
v 44.697220 0.000000 29.861111
v 44.097221 0.600000 29.861111
v 44.397221 0.080385 29.861111
v 44.177605 0.300000 29.861111
v 50.000000 0.600000 29.861111
v 49.400002 0.000000 29.861111
v 49.919617 0.300000 29.861111
v 49.700001 0.080385 29.861111
v -49.400002 0.000000 35.416668
v -50.000000 0.600000 35.416668
v -49.700001 0.080385 35.416668
v -49.919617 0.300000 35.416668
v -44.097221 0.600000 35.416668
v -44.697220 0.000000 35.416668
v -44.177605 0.300000 35.416668
v -44.397221 0.080385 35.416668
v -35.416668 0.600000 34.816669
v -34.816669 0.000000 34.816669
v -34.816669 0.600000 35.416668
v -35.336506 0.300394 34.816666
v -35.336506 0.600000 35.116272
v -35.258644 0.313073 35.103592
v -34.816666 0.080158 35.116272
v -35.116272 0.080158 34.816666
v -35.103592 0.158020 35.103592
v -35.116272 0.600000 35.336506
v -34.816666 0.300394 35.336506
v -35.103592 0.313073 35.258644
v -29.861111 0.000000 34.816669
v -29.861111 0.600000 35.416668
v -29.861111 0.080385 35.116669
v -29.861111 0.300000 35.336285
v -20.833334 0.000000 34.816669
v -20.833334 0.600000 35.416668
v -20.833334 0.080385 35.116669
v -20.833334 0.300000 35.336285
v -20.833334 0.600000 29.861111
v -20.833334 0.000000 30.461111
v -20.833334 0.300000 29.941494
v -20.833334 0.080385 30.161110
v -14.930555 0.000000 34.816669
v -14.930555 0.600000 35.416668
v -14.930555 0.080385 35.116669
v -14.930555 0.300000 35.336285
v -14.930555 0.600000 29.861111
v -14.930555 0.000000 30.461111
v -14.930555 0.300000 29.941494
v -14.930555 0.080385 30.161110
v -12.405556 0.600000 35.416668
v -12.405556 0.000000 34.816669
v -11.805555 0.600000 34.816669
v -12.405557 0.300394 35.336506
v -12.105950 0.600000 35.336506
v -12.118629 0.313073 35.258644
v -12.105950 0.080158 34.816666
v -12.405557 0.080158 35.116272
v -12.118629 0.158020 35.103592
v -11.885714 0.600000 35.116272
v -11.885714 0.300394 34.816666
v -11.963577 0.313073 35.103592
v -11.805555 0.600000 30.461111
v -12.405556 0.000000 30.461111
v -12.405556 0.600000 29.861111
v -11.885714 0.300394 30.461111
v -11.885714 0.600000 30.161505
v -11.963577 0.313073 30.174185
v -12.405557 0.080158 30.161505
v -12.105950 0.080158 30.461111
v -12.118629 0.158020 30.174185
v -12.105950 0.600000 29.941269
v -12.405557 0.300394 29.941269
v -12.118629 0.313073 30.019131
v -2.177778 0.000000 35.416668
v -2.777778 0.600000 35.416668
v -2.477778 0.080385 35.416668
v -2.697393 0.300000 35.416668
v 2.777778 0.600000 35.416668
v 2.177778 0.000000 35.416668
v 2.697393 0.300000 35.416668
v 2.477778 0.080385 35.416668
v 2.777778 0.600000 30.461111
v 2.177778 0.000000 30.461111
v 2.177778 0.600000 29.861111
v 2.697620 0.300394 30.461111
v 2.697620 0.600000 30.161505
v 2.619757 0.313073 30.174185
v 2.177778 0.080158 30.161505
v 2.477384 0.080158 30.461111
v 2.464705 0.158020 30.174185
v 2.477384 0.600000 29.941269
v 2.177778 0.300394 29.941269
v 2.464705 0.313073 30.019131
v -2.777778 0.600000 30.461111
v -2.177778 0.600000 29.861111
v -2.177778 0.000000 30.461111
v -2.697620 0.600000 30.161505
v -2.697620 0.300394 30.461111
v -2.619757 0.313073 30.174185
v -2.177778 0.300394 29.941269
v -2.477384 0.600000 29.941269
v -2.464705 0.313073 30.019131
v -2.477384 0.080158 30.461111
v -2.177778 0.080158 30.161505
v -2.464705 0.158020 30.174185
v 11.805555 0.600000 34.816669
v 12.405556 0.000000 34.816669
v 12.405556 0.600000 35.416668
v 11.885714 0.300394 34.816666
v 11.885714 0.600000 35.116272
v 11.963577 0.313073 35.103592
v 12.405557 0.080158 35.116272
v 12.105950 0.080158 34.816666
v 12.118629 0.158020 35.103592
v 12.105950 0.600000 35.336506
v 12.405557 0.300394 35.336506
v 12.118629 0.313073 35.258644
v 14.930555 0.000000 34.816669
v 14.930555 0.600000 35.416668
v 14.930555 0.080385 35.116669
v 14.930555 0.300000 35.336285
v 14.930555 0.600000 29.861111
v 14.930555 0.000000 30.461111
v 14.930555 0.300000 29.941494
v 14.930555 0.080385 30.161110
v 11.805555 0.600000 30.461111
v 12.405556 0.600000 29.861111
v 12.405556 0.000000 30.461111
v 11.885714 0.600000 30.161505
v 11.885714 0.300394 30.461111
v 11.963577 0.313073 30.174185
v 12.405557 0.300394 29.941269
v 12.105950 0.600000 29.941269
v 12.118629 0.313073 30.019131
v 12.105950 0.080158 30.461111
v 12.405557 0.080158 30.161505
v 12.118629 0.158020 30.174185
v 20.833334 0.000000 34.816669
v 20.833334 0.600000 35.416668
v 20.833334 0.080385 35.116669
v 20.833334 0.300000 35.336285
v 20.833334 0.600000 29.861111
v 20.833334 0.000000 30.461111
v 20.833334 0.300000 29.941494
v 20.833334 0.080385 30.161110
v 29.861111 0.000000 34.816669
v 29.861111 0.600000 35.416668
v 29.861111 0.080385 35.116669
v 29.861111 0.300000 35.336285
v 34.816669 0.600000 35.416668
v 34.816669 0.000000 34.816669
v 35.416668 0.600000 34.816669
v 34.816666 0.300394 35.336506
v 35.116272 0.600000 35.336506
v 35.103592 0.313073 35.258644
v 35.116272 0.080158 34.816666
v 34.816666 0.080158 35.116272
v 35.103592 0.158020 35.103592
v 35.336506 0.600000 35.116272
v 35.336506 0.300394 34.816666
v 35.258644 0.313073 35.103592
v 44.697220 0.000000 35.416668
v 44.097221 0.600000 35.416668
v 44.397221 0.080385 35.416668
v 44.177605 0.300000 35.416668
v 50.000000 0.600000 35.416668
v 49.400002 0.000000 35.416668
v 49.919617 0.300000 35.416668
v 49.700001 0.080385 35.416668
v -49.400002 0.000000 44.097221
v -50.000000 0.600000 44.097221
v -49.700001 0.080385 44.097221
v -49.919617 0.300000 44.097221
v -44.097221 0.600000 43.497223
v -43.497223 0.600000 44.097221
v -44.697220 0.000000 44.697220
v -44.008194 0.600000 43.791718
v -44.185379 0.306808 43.878571
v -44.096687 0.315873 43.996971
v -43.878571 0.306808 44.185379
v -43.791718 0.600000 44.008194
v -43.996975 0.315873 44.096691
v -44.404030 0.088156 44.315872
v -44.315872 0.088156 44.404030
v -44.197941 0.154700 44.197941
v -2.777778 0.600000 43.497223
v -2.177778 0.000000 44.697220
v -3.377778 0.600000 44.097221
v -2.689620 0.306807 43.878571
v -2.866804 0.600000 43.791718
v -2.778309 0.315872 43.996975
v -2.559128 0.088157 44.404030
v -2.470971 0.088157 44.315872
v -2.677062 0.154701 44.197937
v -3.083283 0.600000 44.008194
v -2.996428 0.306808 44.185379
v -2.878025 0.315873 44.096687
v 2.777778 0.600000 43.497223
v 3.377778 0.600000 44.097221
v 2.177778 0.000000 44.697220
v 2.866804 0.600000 43.791718
v 2.689620 0.306807 43.878571
v 2.778309 0.315872 43.996975
v 2.996428 0.306808 44.185379
v 3.083283 0.600000 44.008194
v 2.878025 0.315873 44.096687
v 2.470971 0.088157 44.315872
v 2.559128 0.088157 44.404026
v 2.677062 0.154701 44.197933
v 44.097221 0.600000 43.497223
v 44.697220 0.000000 44.697220
v 43.497223 0.600000 44.097221
v 44.185379 0.306808 43.878571
v 44.008194 0.600000 43.791718
v 44.096691 0.315873 43.996975
v 44.315872 0.088156 44.404030
v 44.404030 0.088156 44.315872
v 44.197941 0.154700 44.197941
v 43.791718 0.600000 44.008194
v 43.878571 0.306808 44.185379
v 43.996971 0.315873 44.096687
v 50.000000 0.600000 44.097221
v 49.400002 0.000000 44.097221
v 49.919617 0.300000 44.097221
v 49.700001 0.080385 44.097221
v -50.000000 0.600000 49.400002
v -49.400002 0.000000 49.400002
v -49.400002 0.600000 50.000000
v -49.919842 0.300394 49.400002
v -49.919842 0.600000 49.699608
v -49.841980 0.313073 49.686928
v -49.400002 0.080158 49.699608
v -49.699608 0.080158 49.400002
v -49.686928 0.158020 49.686928
v -49.699608 0.600000 49.919842
v -49.400002 0.300394 49.919842
v -49.686928 0.313073 49.841980
v -44.097221 0.000000 49.400002
v -44.097221 0.600000 50.000000
v -44.097221 0.080385 49.700001
v -44.097221 0.300000 49.919617
v -35.416668 0.000000 49.400002
v -35.416668 0.600000 50.000000
v -35.416668 0.080385 49.700001
v -35.416668 0.300000 49.919617
v -35.416668 0.600000 44.097221
v -35.416668 0.000000 44.697220
v -35.416668 0.300000 44.177605
v -35.416668 0.080385 44.397221
v -29.861111 0.000000 49.400002
v -29.861111 0.600000 50.000000
v -29.861111 0.080385 49.700001
v -29.861111 0.300000 49.919617
v -29.861111 0.600000 44.097221
v -29.861111 0.000000 44.697220
v -29.861111 0.300000 44.177605
v -29.861111 0.080385 44.397221
v -20.833334 0.000000 49.400002
v -20.833334 0.600000 50.000000
v -20.833334 0.080385 49.700001
v -20.833334 0.300000 49.919617
v -20.833334 0.600000 44.097221
v -20.833334 0.000000 44.697220
v -20.833334 0.300000 44.177605
v -20.833334 0.080385 44.397221
v -14.930555 0.000000 49.400002
v -14.930555 0.600000 50.000000
v -14.930555 0.080385 49.700001
v -14.930555 0.300000 49.919617
v -14.930555 0.600000 44.097221
v -14.930555 0.000000 44.697220
v -14.930555 0.300000 44.177605
v -14.930555 0.080385 44.397221
v -11.805555 0.000000 49.400002
v -11.805555 0.600000 50.000000
v -11.805555 0.080385 49.700001
v -11.805555 0.300000 49.919617
v -11.805555 0.600000 44.097221
v -11.805555 0.000000 44.697220
v -11.805555 0.300000 44.177605
v -11.805555 0.080385 44.397221
v -2.777778 0.000000 49.400002
v -2.777778 0.600000 50.000000
v -2.777778 0.080385 49.700001
v -2.777778 0.300000 49.919617
v 2.777778 0.000000 49.400002
v 2.777778 0.600000 50.000000
v 2.777778 0.080385 49.700001
v 2.777778 0.300000 49.919617
v 11.805555 0.000000 49.400002
v 11.805555 0.600000 50.000000
v 11.805555 0.080385 49.700001
v 11.805555 0.300000 49.919617
v 11.805555 0.600000 44.097221
v 11.805555 0.000000 44.697220
v 11.805555 0.300000 44.177605
v 11.805555 0.080385 44.397221
v 14.930555 0.000000 49.400002
v 14.930555 0.600000 50.000000
v 14.930555 0.080385 49.700001
v 14.930555 0.300000 49.919617
v 14.930555 0.600000 44.097221
v 14.930555 0.000000 44.697220
v 14.930555 0.300000 44.177605
v 14.930555 0.080385 44.397221
v 20.833334 0.000000 49.400002
v 20.833334 0.600000 50.000000
v 20.833334 0.080385 49.700001
v 20.833334 0.300000 49.919617
v 20.833334 0.600000 44.097221
v 20.833334 0.000000 44.697220
v 20.833334 0.300000 44.177605
v 20.833334 0.080385 44.397221
v 29.861111 0.000000 49.400002
v 29.861111 0.600000 50.000000
v 29.861111 0.080385 49.700001
v 29.861111 0.300000 49.919617
v 29.861111 0.600000 44.097221
v 29.861111 0.000000 44.697220
v 29.861111 0.300000 44.177605
v 29.861111 0.080385 44.397221
v 35.416668 0.000000 49.400002
v 35.416668 0.600000 50.000000
v 35.416668 0.080385 49.700001
v 35.416668 0.300000 49.919617
v 35.416668 0.600000 44.097221
v 35.416668 0.000000 44.697220
v 35.416668 0.300000 44.177605
v 35.416668 0.080385 44.397221
v 44.097221 0.000000 49.400002
v 44.097221 0.600000 50.000000
v 44.097221 0.080385 49.700001
v 44.097221 0.300000 49.919617
v 49.400002 0.600000 50.000000
v 49.400002 0.000000 49.400002
v 50.000000 0.600000 49.400002
v 49.400002 0.300394 49.919842
v 49.699608 0.600000 49.919842
v 49.686928 0.313073 49.841980
v 49.699608 0.080158 49.400002
v 49.400002 0.080158 49.699608
v 49.686928 0.158020 49.686928
v 49.919842 0.600000 49.699608
v 49.919842 0.300394 49.400002
v 49.841980 0.313073 49.686928
v -50.000000 9.400000 -44.097221
v -49.400002 10.000000 -44.097221
v -49.919617 9.700000 -44.097221
v -49.700001 9.919615 -44.097221
v -43.497223 9.400000 -44.097221
v -44.697220 10.000000 -44.697220
v -44.097221 9.400000 -43.497223
v -43.878574 9.693192 -44.185379
v -43.791718 9.400000 -44.008194
v -43.996975 9.684126 -44.096691
v -44.404030 9.911843 -44.315872
v -44.315872 9.911843 -44.404030
v -44.197937 9.845300 -44.197937
v -44.008194 9.400000 -43.791718
v -44.185379 9.693192 -43.878571
v -44.096687 9.684126 -43.996975
v -44.097221 10.000000 -49.400002
v -44.097221 9.400000 -50.000000
v -44.097221 9.919615 -49.700001
v -44.097221 9.700000 -49.919617
v -49.400002 9.400000 -50.000000
v -50.000000 9.400000 -49.400002
v -49.400002 10.000000 -49.400002
v -49.699608 9.400000 -49.919842
v -49.400002 9.699606 -49.919842
v -49.686928 9.686927 -49.841980
v -49.919842 9.699606 -49.400002
v -49.919842 9.400000 -49.699608
v -49.841980 9.686927 -49.686928
v -49.400002 9.919842 -49.699608
v -49.699608 9.919842 -49.400002
v -49.686928 9.841979 -49.686928
v -35.416668 9.400000 -44.097221
v -35.416668 10.000000 -44.697220
v -35.416668 9.700000 -44.177605
v -35.416668 9.919615 -44.397221
v -35.416668 10.000000 -49.400002
v -35.416668 9.400000 -50.000000
v -35.416668 9.919615 -49.700001
v -35.416668 9.700000 -49.919617
v -29.861111 9.400000 -44.097221
v -29.861111 10.000000 -44.697220
v -29.861111 9.700000 -44.177605
v -29.861111 9.919615 -44.397221
v -29.861111 10.000000 -49.400002
v -29.861111 9.400000 -50.000000
v -29.861111 9.919615 -49.700001
v -29.861111 9.700000 -49.919617
v -20.833334 9.400000 -44.097221
v -20.833334 10.000000 -44.697220
v -20.833334 9.700000 -44.177605
v -20.833334 9.919615 -44.397221
v -20.833334 10.000000 -49.400002
v -20.833334 9.400000 -50.000000
v -20.833334 9.919615 -49.700001
v -20.833334 9.700000 -49.919617
v -14.930555 9.400000 -44.097221
v -14.930555 10.000000 -44.697220
v -14.930555 9.700000 -44.177605
v -14.930555 9.919615 -44.397221
v -14.930555 10.000000 -49.400002
v -14.930555 9.400000 -50.000000
v -14.930555 9.919615 -49.700001
v -14.930555 9.700000 -49.919617
v -11.805555 9.400000 -44.097221
v -11.805555 10.000000 -44.697220
v -11.805555 9.700000 -44.177605
v -11.805555 9.919615 -44.397221
v -11.805555 10.000000 -49.400002
v -11.805555 9.400000 -50.000000
v -11.805555 9.919615 -49.700001
v -11.805555 9.700000 -49.919617
v -3.377778 9.400000 -44.097221
v -2.777778 9.400000 -43.497223
v -2.177778 10.000000 -44.697220
v -3.083283 9.400000 -44.008194
v -2.996428 9.693192 -44.185379
v -2.878025 9.684126 -44.096691
v -2.689621 9.693192 -43.878571
v -2.866804 9.400000 -43.791718
v -2.778309 9.684126 -43.996971
v -2.559128 9.911843 -44.404030
v -2.470971 9.911842 -44.315872
v -2.677062 9.845299 -44.197937
v -2.777778 10.000000 -49.400002
v -2.777778 9.400000 -50.000000
v -2.777778 9.919615 -49.700001
v -2.777778 9.700000 -49.919617
v 3.377778 9.400000 -44.097221
v 2.177778 10.000000 -44.697220
v 2.777778 9.400000 -43.497223
v 2.996428 9.693192 -44.185379
v 3.083283 9.400000 -44.008194
v 2.878025 9.684126 -44.096691
v 2.470971 9.911842 -44.315872
v 2.559128 9.911842 -44.404026
v 2.677062 9.845299 -44.197937
v 2.866804 9.400000 -43.791718
v 2.689621 9.693192 -43.878571
v 2.778309 9.684127 -43.996971
v 2.777778 10.000000 -49.400002
v 2.777778 9.400000 -50.000000
v 2.777778 9.919615 -49.700001
v 2.777778 9.700000 -49.919617
v 11.805555 9.400000 -44.097221
v 11.805555 10.000000 -44.697220
v 11.805555 9.700000 -44.177605
v 11.805555 9.919615 -44.397221
v 11.805555 10.000000 -49.400002
v 11.805555 9.400000 -50.000000
v 11.805555 9.919615 -49.700001
v 11.805555 9.700000 -49.919617
v 14.930555 9.400000 -44.097221
v 14.930555 10.000000 -44.697220
v 14.930555 9.700000 -44.177605
v 14.930555 9.919615 -44.397221
v 14.930555 10.000000 -49.400002
v 14.930555 9.400000 -50.000000
v 14.930555 9.919615 -49.700001
v 14.930555 9.700000 -49.919617
v 20.833334 9.400000 -44.097221
v 20.833334 10.000000 -44.697220
v 20.833334 9.700000 -44.177605
v 20.833334 9.919615 -44.397221
v 20.833334 10.000000 -49.400002
v 20.833334 9.400000 -50.000000
v 20.833334 9.919615 -49.700001
v 20.833334 9.700000 -49.919617
v 29.861111 9.400000 -44.097221
v 29.861111 10.000000 -44.697220
v 29.861111 9.700000 -44.177605
v 29.861111 9.919615 -44.397221
v 29.861111 10.000000 -49.400002
v 29.861111 9.400000 -50.000000
v 29.861111 9.919615 -49.700001
v 29.861111 9.700000 -49.919617
v 35.416668 9.400000 -44.097221
v 35.416668 10.000000 -44.697220
v 35.416668 9.700000 -44.177605
v 35.416668 9.919615 -44.397221
v 35.416668 10.000000 -49.400002
v 35.416668 9.400000 -50.000000
v 35.416668 9.919615 -49.700001
v 35.416668 9.700000 -49.919617
v 43.497223 9.400000 -44.097221
v 44.097221 9.400000 -43.497223
v 44.697220 10.000000 -44.697220
v 43.791718 9.400000 -44.008194
v 43.878571 9.693192 -44.185379
v 43.996975 9.684126 -44.096687
v 44.185379 9.693192 -43.878574
v 44.008194 9.400000 -43.791718
v 44.096691 9.684126 -43.996975
v 44.315872 9.911843 -44.404030
v 44.404030 9.911843 -44.315872
v 44.197937 9.845300 -44.197937
v 44.097221 10.000000 -49.400002
v 44.097221 9.400000 -50.000000
v 44.097221 9.919615 -49.700001
v 44.097221 9.700000 -49.919617
v 49.400002 10.000000 -44.097221
v 50.000000 9.400000 -44.097221
v 49.700001 9.919615 -44.097221
v 49.919617 9.700000 -44.097221
v 50.000000 9.400000 -49.400002
v 49.400002 9.400000 -50.000000
v 49.400002 10.000000 -49.400002
v 49.919842 9.400000 -49.699608
v 49.919842 9.699606 -49.400002
v 49.841980 9.686927 -49.686928
v 49.400002 9.699606 -49.919842
v 49.699608 9.400000 -49.919842
v 49.686928 9.686927 -49.841980
v 49.699608 9.919842 -49.400002
v 49.400002 9.919842 -49.699608
v 49.686928 9.841979 -49.686928
v -50.000000 9.400000 -35.416668
v -49.400002 10.000000 -35.416668
v -49.919617 9.700000 -35.416668
v -49.700001 9.919615 -35.416668
v -44.697220 10.000000 -35.416668
v -44.097221 9.400000 -35.416668
v -44.397221 9.919615 -35.416668
v -44.177605 9.700000 -35.416668
v -2.777778 9.400000 -35.416668
v -2.177778 10.000000 -35.416668
v -2.697393 9.700000 -35.416668
v -2.477778 9.919615 -35.416668
v 2.177778 10.000000 -35.416668
v 2.777778 9.400000 -35.416668
v 2.477778 9.919615 -35.416668
v 2.697393 9.700000 -35.416668
v 44.097221 9.400000 -35.416668
v 44.697220 10.000000 -35.416668
v 44.177605 9.700000 -35.416668
v 44.397221 9.919615 -35.416668
v 49.400002 10.000000 -35.416668
v 50.000000 9.400000 -35.416668
v 49.700001 9.919615 -35.416668
v 49.919617 9.700000 -35.416668
v -50.000000 9.400000 -29.861111
v -49.400002 10.000000 -29.861111
v -49.919617 9.700000 -29.861111
v -49.700001 9.919615 -29.861111
v -44.697220 10.000000 -29.861111
v -44.097221 9.400000 -29.861111
v -44.397221 9.919615 -29.861111
v -44.177605 9.700000 -29.861111
v -35.416668 9.400000 -29.861111
v -34.816669 10.000000 -29.861111
v -35.336285 9.700000 -29.861111
v -35.116669 9.919615 -29.861111
v -29.261110 9.400000 -29.861111
v -30.461111 10.000000 -30.461111
v -29.861111 9.400000 -29.261110
v -29.642460 9.693193 -29.949265
v -29.555607 9.400000 -29.772087
v -29.760864 9.684128 -29.860580
v -30.167917 9.911843 -30.079762
v -30.079760 9.911842 -30.167915
v -29.961826 9.845299 -29.961826
v -29.772085 9.400000 -29.555607
v -29.949266 9.693193 -29.642460
v -29.860579 9.684128 -29.760864
v -29.861111 10.000000 -34.816669
v -29.861111 9.400000 -35.416668
v -29.861111 9.919615 -35.116669
v -29.861111 9.700000 -35.336285
v -34.816669 9.400000 -35.416668
v -35.416668 9.400000 -34.816669
v -34.816669 10.000000 -34.816669
v -35.116272 9.400000 -35.336506
v -34.816666 9.699606 -35.336506
v -35.103592 9.686927 -35.258644
v -35.336506 9.699606 -34.816666
v -35.336506 9.400000 -35.116272
v -35.258644 9.686927 -35.103592
v -34.816666 9.919842 -35.116272
v -35.116272 9.919842 -34.816666
v -35.103592 9.841979 -35.103592
v -20.833334 9.400000 -29.861111
v -20.833334 10.000000 -30.461111
v -20.833334 9.700000 -29.941494
v -20.833334 9.919615 -30.161110
v -20.833334 10.000000 -34.816669
v -20.833334 9.400000 -35.416668
v -20.833334 9.919615 -35.116669
v -20.833334 9.700000 -35.336285
v -14.930555 9.400000 -29.861111
v -14.930555 10.000000 -30.461111
v -14.930555 9.700000 -29.941494
v -14.930555 9.919615 -30.161110
v -14.930555 10.000000 -34.816669
v -14.930555 9.400000 -35.416668
v -14.930555 9.919615 -35.116669
v -14.930555 9.700000 -35.336285
v -12.405556 9.400000 -29.861111
v -11.805555 9.400000 -30.461111
v -12.405556 10.000000 -30.461111
v -12.105950 9.400000 -29.941269
v -12.405557 9.699606 -29.941269
v -12.118629 9.686927 -30.019131
v -11.885714 9.699606 -30.461111
v -11.885714 9.400000 -30.161505
v -11.963577 9.686927 -30.174185
v -12.405557 9.919842 -30.161505
v -12.105950 9.919842 -30.461111
v -12.118629 9.841979 -30.174185
v -11.805555 9.400000 -34.816669
v -12.405556 9.400000 -35.416668
v -12.405556 10.000000 -34.816669
v -11.885714 9.400000 -35.116272
v -11.885714 9.699606 -34.816666
v -11.963577 9.686927 -35.103592
v -12.405557 9.699606 -35.336506
v -12.105950 9.400000 -35.336506
v -12.118629 9.686927 -35.258644
v -12.105950 9.919842 -34.816666
v -12.405557 9.919842 -35.116272
v -12.118629 9.841979 -35.103592
v -2.777778 9.400000 -29.861111
v -2.177778 10.000000 -29.861111
v -2.697393 9.700000 -29.861111
v -2.477778 9.919615 -29.861111
v 2.177778 10.000000 -29.861111
v 2.777778 9.400000 -29.861111
v 2.477778 9.919615 -29.861111
v 2.697393 9.700000 -29.861111
v 12.405556 9.400000 -29.861111
v 12.405556 10.000000 -30.461111
v 11.805555 9.400000 -30.461111
v 12.405557 9.699606 -29.941269
v 12.105950 9.400000 -29.941269
v 12.118629 9.686927 -30.019131
v 12.105950 9.919842 -30.461111
v 12.405557 9.919842 -30.161505
v 12.118629 9.841979 -30.174185
v 11.885714 9.400000 -30.161505
v 11.885714 9.699606 -30.461111
v 11.963577 9.686927 -30.174185
v 14.930555 9.400000 -29.861111
v 14.930555 10.000000 -30.461111
v 14.930555 9.700000 -29.941494
v 14.930555 9.919615 -30.161110
v 14.930555 10.000000 -34.816669
v 14.930555 9.400000 -35.416668
v 14.930555 9.919615 -35.116669
v 14.930555 9.700000 -35.336285
v 12.405556 9.400000 -35.416668
v 11.805555 9.400000 -34.816669
v 12.405556 10.000000 -34.816669
v 12.105950 9.400000 -35.336506
v 12.405557 9.699606 -35.336506
v 12.118629 9.686927 -35.258644
v 11.885714 9.699606 -34.816666
v 11.885714 9.400000 -35.116272
v 11.963577 9.686927 -35.103592
v 12.405557 9.919842 -35.116272
v 12.105950 9.919842 -34.816666
v 12.118629 9.841979 -35.103592
v 20.833334 9.400000 -29.861111
v 20.833334 10.000000 -30.461111
v 20.833334 9.700000 -29.941494
v 20.833334 9.919615 -30.161110
v 20.833334 10.000000 -34.816669
v 20.833334 9.400000 -35.416668
v 20.833334 9.919615 -35.116669
v 20.833334 9.700000 -35.336285
v 29.261110 9.400000 -29.861111
v 29.861111 9.400000 -29.261110
v 30.461111 10.000000 -30.461111
v 29.555607 9.400000 -29.772085
v 29.642460 9.693193 -29.949266
v 29.760864 9.684128 -29.860579
v 29.949265 9.693193 -29.642460
v 29.772087 9.400000 -29.555607
v 29.860580 9.684128 -29.760864
v 30.079762 9.911843 -30.167917
v 30.167915 9.911842 -30.079760
v 29.961826 9.845300 -29.961826
v 29.861111 10.000000 -34.816669
v 29.861111 9.400000 -35.416668
v 29.861111 9.919615 -35.116669
v 29.861111 9.700000 -35.336285
v 34.816669 10.000000 -29.861111
v 35.416668 9.400000 -29.861111
v 35.116669 9.919615 -29.861111
v 35.336285 9.700000 -29.861111
v 35.416668 9.400000 -34.816669
v 34.816669 9.400000 -35.416668
v 34.816669 10.000000 -34.816669
v 35.336506 9.400000 -35.116272
v 35.336506 9.699606 -34.816666
v 35.258644 9.686927 -35.103592
v 34.816666 9.699606 -35.336506
v 35.116272 9.400000 -35.336506
v 35.103592 9.686927 -35.258644
v 35.116272 9.919842 -34.816666
v 34.816666 9.919842 -35.116272
v 35.103592 9.841979 -35.103592
v 44.097221 9.400000 -29.861111
v 44.697220 10.000000 -29.861111
v 44.177605 9.700000 -29.861111
v 44.397221 9.919615 -29.861111
v 49.400002 10.000000 -29.861111
v 50.000000 9.400000 -29.861111
v 49.700001 9.919615 -29.861111
v 49.919617 9.700000 -29.861111
v -50.000000 9.400000 -20.833334
v -49.400002 10.000000 -20.833334
v -49.919617 9.700000 -20.833334
v -49.700001 9.919615 -20.833334
v -44.697220 10.000000 -20.833334
v -44.097221 9.400000 -20.833334
v -44.397221 9.919615 -20.833334
v -44.177605 9.700000 -20.833334
v -35.416668 9.400000 -20.833334
v -34.816669 10.000000 -20.833334
v -35.336285 9.700000 -20.833334
v -35.116669 9.919615 -20.833334
v -30.461111 10.000000 -20.833334
v -29.861111 9.400000 -20.833334
v -30.161110 9.919615 -20.833334
v -29.941494 9.700000 -20.833334
v -2.777778 9.400000 -21.433334
v -3.377778 9.400000 -20.833334
v -2.177778 10.000000 -20.233334
v -2.866805 9.400000 -21.138840
v -2.689621 9.693192 -21.051983
v -2.778309 9.684126 -20.933582
v -2.996425 9.693193 -20.745174
v -3.083282 9.400000 -20.922363
v -2.878024 9.684128 -20.833866
v -2.470972 9.911842 -20.614685
v -2.559128 9.911842 -20.526527
v -2.677063 9.845299 -20.732618
v 2.777778 9.400000 -21.433334
v 2.177778 10.000000 -20.233334
v 3.377778 9.400000 -20.833334
v 2.689621 9.693192 -21.051983
v 2.866805 9.400000 -21.138840
v 2.778309 9.684126 -20.933582
v 2.559128 9.911842 -20.526527
v 2.470971 9.911842 -20.614683
v 2.677063 9.845299 -20.732620
v 3.083283 9.400000 -20.922363
v 2.996425 9.693193 -20.745174
v 2.878024 9.684128 -20.833864
v 29.861111 9.400000 -20.833334
v 30.461111 10.000000 -20.833334
v 29.941494 9.700000 -20.833334
v 30.161110 9.919615 -20.833334
v 34.816669 10.000000 -20.833334
v 35.416668 9.400000 -20.833334
v 35.116669 9.919615 -20.833334
v 35.336285 9.700000 -20.833334
v 44.097221 9.400000 -20.833334
v 44.697220 10.000000 -20.833334
v 44.177605 9.700000 -20.833334
v 44.397221 9.919615 -20.833334
v 49.400002 10.000000 -20.833334
v 50.000000 9.400000 -20.833334
v 49.700001 9.919615 -20.833334
v 49.919617 9.700000 -20.833334
v -50.000000 9.400000 -14.930555
v -49.400002 10.000000 -14.930555
v -49.919617 9.700000 -14.930555
v -49.700001 9.919615 -14.930555
v -44.697220 10.000000 -14.930555
v -44.097221 9.400000 -14.930555
v -44.397221 9.919615 -14.930555
v -44.177605 9.700000 -14.930555
v -35.416668 9.400000 -14.930555
v -34.816669 10.000000 -14.930555
v -35.336285 9.700000 -14.930555
v -35.116669 9.919615 -14.930555
v -30.461111 10.000000 -14.930555
v -29.861111 9.400000 -14.930555
v -30.161110 9.919615 -14.930555
v -29.941494 9.700000 -14.930555
v -20.833334 9.400000 -14.930555
v -20.233334 10.000000 -14.930555
v -20.752947 9.700000 -14.930555
v -20.533333 9.919615 -14.930555
v -14.330555 9.400000 -14.930555
v -15.530556 10.000000 -15.530556
v -14.930555 9.400000 -14.330555
v -14.711906 9.693193 -15.018713
v -14.625050 9.400000 -14.841528
v -14.830310 9.684128 -14.930025
v -15.237362 9.911842 -15.149204
v -15.149204 9.911842 -15.237362
v -15.031270 9.845299 -15.031270
v -14.841528 9.400000 -14.625050
v -15.018713 9.693193 -14.711906
v -14.930023 9.684127 -14.830309
v -14.930555 10.000000 -20.233334
v -14.930555 9.400000 -20.833334
v -14.930555 9.919615 -20.533333
v -14.930555 9.700000 -20.752947
v -20.233334 9.400000 -20.833334
v -20.833334 9.400000 -20.233334
v -20.233334 10.000000 -20.233334
v -20.532940 9.400000 -20.753176
v -20.233334 9.699606 -20.753176
v -20.520260 9.686927 -20.675314
v -20.753176 9.699606 -20.233334
v -20.753176 9.400000 -20.532940
v -20.675314 9.686927 -20.520260
v -20.233334 9.919842 -20.532940
v -20.532940 9.919842 -20.233334
v -20.520260 9.841979 -20.520260
v -11.805555 9.400000 -14.930555
v -11.805555 10.000000 -15.530556
v -11.805555 9.700000 -15.010941
v -11.805555 9.919615 -15.230556
v -11.805555 10.000000 -20.233334
v -11.805555 9.400000 -20.833334
v -11.805555 9.919615 -20.533333
v -11.805555 9.700000 -20.752947
v -2.777778 9.400000 -14.930555
v -2.777778 10.000000 -15.530556
v -2.777778 9.700000 -15.010941
v -2.777778 9.919615 -15.230556
v 2.777778 9.400000 -14.930555
v 2.777778 10.000000 -15.530556
v 2.777778 9.700000 -15.010941
v 2.777778 9.919615 -15.230556
v 11.805555 9.400000 -14.930555
v 11.805555 10.000000 -15.530556
v 11.805555 9.700000 -15.010941
v 11.805555 9.919615 -15.230556
v 11.805555 10.000000 -20.233334
v 11.805555 9.400000 -20.833334
v 11.805555 9.919615 -20.533333
v 11.805555 9.700000 -20.752947
v 14.330555 9.400000 -14.930555
v 14.930555 9.400000 -14.330555
v 15.530556 10.000000 -15.530556
v 14.625050 9.400000 -14.841528
v 14.711906 9.693193 -15.018713
v 14.830309 9.684127 -14.930023
v 15.018713 9.693193 -14.711906
v 14.841528 9.400000 -14.625050
v 14.930025 9.684128 -14.830310
v 15.149204 9.911842 -15.237362
v 15.237362 9.911842 -15.149204
v 15.031270 9.845299 -15.031270
v 14.930555 10.000000 -20.233334
v 14.930555 9.400000 -20.833334
v 14.930555 9.919615 -20.533333
v 14.930555 9.700000 -20.752947
v 20.233334 10.000000 -14.930555
v 20.833334 9.400000 -14.930555
v 20.533333 9.919615 -14.930555
v 20.752947 9.700000 -14.930555
v 20.833334 9.400000 -20.233334
v 20.233334 9.400000 -20.833334
v 20.233334 10.000000 -20.233334
v 20.753176 9.400000 -20.532940
v 20.753176 9.699606 -20.233334
v 20.675314 9.686927 -20.520260
v 20.233334 9.699606 -20.753176
v 20.532940 9.400000 -20.753176
v 20.520260 9.686927 -20.675314
v 20.532940 9.919842 -20.233334
v 20.233334 9.919842 -20.532940
v 20.520260 9.841979 -20.520260
v 29.861111 9.400000 -14.930555
v 30.461111 10.000000 -14.930555
v 29.941494 9.700000 -14.930555
v 30.161110 9.919615 -14.930555
v 34.816669 10.000000 -14.930555
v 35.416668 9.400000 -14.930555
v 35.116669 9.919615 -14.930555
v 35.336285 9.700000 -14.930555
v 44.097221 9.400000 -14.930555
v 44.697220 10.000000 -14.930555
v 44.177605 9.700000 -14.930555
v 44.397221 9.919615 -14.930555
v 49.400002 10.000000 -14.930555
v 50.000000 9.400000 -14.930555
v 49.700001 9.919615 -14.930555
v 49.919617 9.700000 -14.930555
v -50.000000 9.400000 -11.805555
v -49.400002 10.000000 -11.805555
v -49.919617 9.700000 -11.805555
v -49.700001 9.919615 -11.805555
v -44.697220 10.000000 -11.805555
v -44.097221 9.400000 -11.805555
v -44.397221 9.919615 -11.805555
v -44.177605 9.700000 -11.805555
v -35.416668 9.400000 -11.805555
v -34.816669 10.000000 -11.805555
v -35.336285 9.700000 -11.805555
v -35.116669 9.919615 -11.805555
v -30.461111 10.000000 -11.805555
v -29.861111 9.400000 -11.805555
v -30.161110 9.919615 -11.805555
v -29.941494 9.700000 -11.805555
v -20.833334 9.400000 -11.805555
v -20.233334 10.000000 -11.805555
v -20.752947 9.700000 -11.805555
v -20.533333 9.919615 -11.805555
v -15.530556 10.000000 -11.805555
v -14.930555 9.400000 -11.805555
v -15.230556 9.919615 -11.805555
v -15.010941 9.700000 -11.805555
v 14.930555 9.400000 -11.805555
v 15.530556 10.000000 -11.805555
v 15.010941 9.700000 -11.805555
v 15.230556 9.919615 -11.805555
v 20.233334 10.000000 -11.805555
v 20.833334 9.400000 -11.805555
v 20.533333 9.919615 -11.805555
v 20.752947 9.700000 -11.805555
v 30.461111 9.400000 -11.805555
v 30.461111 10.000000 -12.405556
v 29.861111 9.400000 -12.405556
v 30.461111 9.699606 -11.885714
v 30.161505 9.400000 -11.885714
v 30.174185 9.686927 -11.963577
v 30.161505 9.919842 -12.405557
v 30.461111 9.919842 -12.105950
v 30.174185 9.841979 -12.118629
v 29.941269 9.400000 -12.105950
v 29.941269 9.699606 -12.405557
v 30.019131 9.686927 -12.118629
v 34.816669 9.400000 -11.805555
v 35.416668 9.400000 -12.405556
v 34.816669 10.000000 -12.405556
v 35.116272 9.400000 -11.885714
v 34.816666 9.699606 -11.885714
v 35.103592 9.686927 -11.963577
v 35.336506 9.699606 -12.405557
v 35.336506 9.400000 -12.105950
v 35.258644 9.686927 -12.118629
v 34.816666 9.919842 -12.105950
v 35.116272 9.919842 -12.405557
v 35.103592 9.841979 -12.118629
v 44.097221 9.400000 -11.805555
v 44.697220 10.000000 -11.805555
v 44.177605 9.700000 -11.805555
v 44.397221 9.919615 -11.805555
v 49.400002 10.000000 -11.805555
v 50.000000 9.400000 -11.805555
v 49.700001 9.919615 -11.805555
v 49.919617 9.700000 -11.805555
v -50.000000 9.400000 -2.777778
v -49.400002 10.000000 -2.777778
v -49.919617 9.700000 -2.777778
v -49.700001 9.919615 -2.777778
v -44.697220 10.000000 -2.777778
v -44.097221 9.400000 -2.777778
v -44.397221 9.919615 -2.777778
v -44.177605 9.700000 -2.777778
v -35.416668 9.400000 -2.777778
v -34.816669 10.000000 -2.777778
v -35.336285 9.700000 -2.777778
v -35.116669 9.919615 -2.777778
v -29.861111 9.400000 -3.377778
v -30.461111 10.000000 -2.177778
v -29.261110 9.400000 -2.777778
v -29.949265 9.693193 -2.996429
v -29.772087 9.400000 -3.083283
v -29.860579 9.684128 -2.878025
v -30.079758 9.911842 -2.470972
v -30.167915 9.911843 -2.559130
v -29.961826 9.845299 -2.677063
v -29.555607 9.400000 -2.866804
v -29.642462 9.693192 -2.689621
v -29.760862 9.684127 -2.778309
v -20.833334 9.400000 -3.377778
v -21.433334 9.400000 -2.777778
v -20.233334 10.000000 -2.177778
v -20.922363 9.400000 -3.083283
v -20.745174 9.693193 -2.996425
v -20.833864 9.684128 -2.878024
v -21.051983 9.693192 -2.689621
v -21.138840 9.400000 -2.866805
v -20.933582 9.684126 -2.778309
v -20.526527 9.911842 -2.559128
v -20.614683 9.911842 -2.470971
v -20.732620 9.845299 -2.677063
v -15.530556 10.000000 -2.777778
v -14.930555 9.400000 -2.777778
v -15.230556 9.919615 -2.777778
v -15.010941 9.700000 -2.777778
v 14.930555 9.400000 -2.777778
v 15.530556 10.000000 -2.777778
v 15.010941 9.700000 -2.777778
v 15.230556 9.919615 -2.777778
v 20.233334 10.000000 -2.777778
v 20.833334 9.400000 -2.777778
v 20.533333 9.919615 -2.777778
v 20.752947 9.700000 -2.777778
v 44.097221 9.400000 -3.377778
v 43.497223 9.400000 -2.777778
v 44.697220 10.000000 -2.177778
v 44.008194 9.400000 -3.083283
v 44.185379 9.693192 -2.996428
v 44.096691 9.684126 -2.878025
v 43.878571 9.693192 -2.689621
v 43.791718 9.400000 -2.866804
v 43.996971 9.684126 -2.778309
v 44.404030 9.911843 -2.559128
v 44.315872 9.911842 -2.470971
v 44.197937 9.845299 -2.677062
v 49.400002 10.000000 -2.777778
v 50.000000 9.400000 -2.777778
v 49.700001 9.919615 -2.777778
v 49.919617 9.700000 -2.777778
v -50.000000 9.400000 2.777778
v -49.400002 10.000000 2.777778
v -49.919617 9.700000 2.777778
v -49.700001 9.919615 2.777778
v -44.697220 10.000000 2.777778
v -44.097221 9.400000 2.777778
v -44.397221 9.919615 2.777778
v -44.177605 9.700000 2.777778
v -34.816669 9.400000 2.777778
v -34.816669 10.000000 2.177778
v -35.416668 9.400000 2.177778
v -34.816666 9.699606 2.697620
v -35.116272 9.400000 2.697620
v -35.103592 9.686927 2.619757
v -35.116272 9.919842 2.177778
v -34.816666 9.919842 2.477384
v -35.103592 9.841979 2.464705
v -35.336506 9.400000 2.477384
v -35.336506 9.699606 2.177778
v -35.258644 9.686927 2.464705
v -29.861111 9.400000 2.777778
v -29.861111 10.000000 2.177778
v -29.861111 9.700000 2.697393
v -29.861111 9.919615 2.477778
v -21.433334 9.400000 2.777778
v -20.833334 9.400000 3.377778
v -20.233334 10.000000 2.177778
v -21.138840 9.400000 2.866805
v -21.051983 9.693192 2.689621
v -20.933582 9.684126 2.778309
v -20.745174 9.693193 2.996425
v -20.922363 9.400000 3.083282
v -20.833866 9.684128 2.878024
v -20.614685 9.911842 2.470972
v -20.526527 9.911842 2.559128
v -20.732618 9.845299 2.677063
v -15.530556 10.000000 2.777778
v -14.930555 9.400000 2.777778
v -15.230556 9.919615 2.777778
v -15.010941 9.700000 2.777778
v 14.930555 9.400000 2.777778
v 15.530556 10.000000 2.777778
v 15.010941 9.700000 2.777778
v 15.230556 9.919615 2.777778
v 20.233334 10.000000 2.777778
v 20.833334 9.400000 2.777778
v 20.533333 9.919615 2.777778
v 20.752947 9.700000 2.777778
v 29.861111 9.400000 2.777778
v 30.461111 10.000000 2.777778
v 29.941494 9.700000 2.777778
v 30.161110 9.919615 2.777778
v 36.016666 9.400000 2.777778
v 34.816669 10.000000 2.177778
v 35.416668 9.400000 3.377778
v 35.635315 9.693192 2.689621
v 35.722172 9.400000 2.866804
v 35.516914 9.684126 2.778309
v 35.109863 9.911843 2.559128
v 35.198017 9.911842 2.470971
v 35.315956 9.845299 2.677062
v 35.505692 9.400000 3.083283
v 35.328510 9.693192 2.996428
v 35.417198 9.684126 2.878025
v 35.416668 10.000000 -2.177778
v 35.416668 9.400000 -2.777778
v 35.416668 9.919615 -2.477778
v 35.416668 9.700000 -2.697393
v 30.461111 9.400000 -2.777778
v 29.861111 9.400000 -2.177778
v 30.461111 10.000000 -2.177778
v 30.161505 9.400000 -2.697620
v 30.461111 9.699606 -2.697620
v 30.174185 9.686927 -2.619757
v 29.941269 9.699606 -2.177778
v 29.941269 9.400000 -2.477384
v 30.019131 9.686927 -2.464705
v 30.461111 9.919842 -2.477384
v 30.161505 9.919842 -2.177778
v 30.174185 9.841979 -2.464705
v 43.497223 9.400000 2.777778
v 44.097221 9.400000 3.377778
v 44.697220 10.000000 2.177778
v 43.791718 9.400000 2.866804
v 43.878571 9.693192 2.689621
v 43.996971 9.684127 2.778309
v 44.185379 9.693192 2.996428
v 44.008194 9.400000 3.083283
v 44.096691 9.684127 2.878025
v 44.315872 9.911842 2.470971
v 44.404026 9.911842 2.559128
v 44.197937 9.845299 2.677062
v 49.400002 10.000000 2.777778
v 50.000000 9.400000 2.777778
v 49.700001 9.919615 2.777778
v 49.919617 9.700000 2.777778
v -50.000000 9.400000 11.805555
v -49.400002 10.000000 11.805555
v -49.919617 9.700000 11.805555
v -49.700001 9.919615 11.805555
v -44.097221 9.400000 11.205555
v -44.697220 10.000000 12.405556
v -43.497223 9.400000 11.805555
v -44.185379 9.693192 11.586905
v -44.008194 9.400000 11.500050
v -44.096691 9.684127 11.705309
v -44.315872 9.911843 12.112364
v -44.404026 9.911842 12.024205
v -44.197941 9.845299 11.906271
v -43.791718 9.400000 11.716529
v -43.878571 9.693192 11.893712
v -43.996975 9.684126 11.805023
v -20.833334 9.400000 11.805555
v -20.233334 10.000000 11.805555
v -20.752947 9.700000 11.805555
v -20.533333 9.919615 11.805555
v -15.530556 10.000000 11.805555
v -14.930555 9.400000 11.805555
v -15.230556 9.919615 11.805555
v -15.010941 9.700000 11.805555
v 14.930555 9.400000 11.805555
v 15.530556 10.000000 11.805555
v 15.010941 9.700000 11.805555
v 15.230556 9.919615 11.805555
v 20.233334 10.000000 11.805555
v 20.833334 9.400000 11.805555
v 20.533333 9.919615 11.805555
v 20.752947 9.700000 11.805555
v 29.861111 9.400000 11.805555
v 30.461111 10.000000 11.805555
v 29.941494 9.700000 11.805555
v 30.161110 9.919615 11.805555
v 34.816669 10.000000 11.805555
v 35.416668 9.400000 11.805555
v 35.116669 9.919615 11.805555
v 35.336285 9.700000 11.805555
v 44.097221 9.400000 11.805555
v 44.697220 10.000000 11.805555
v 44.177605 9.700000 11.805555
v 44.397221 9.919615 11.805555
v 49.400002 10.000000 11.805555
v 50.000000 9.400000 11.805555
v 49.700001 9.919615 11.805555
v 49.919617 9.700000 11.805555
v -50.000000 9.400000 14.930555
v -49.400002 10.000000 14.930555
v -49.919617 9.700000 14.930555
v -49.700001 9.919615 14.930555
v -43.497223 9.400000 14.930555
v -44.697220 10.000000 14.330555
v -44.097221 9.400000 15.530556
v -43.878571 9.693192 14.842399
v -43.791718 9.400000 15.019582
v -43.996975 9.684126 14.931087
v -44.404026 9.911842 14.711905
v -44.315872 9.911843 14.623748
v -44.197937 9.845299 14.829840
v -44.008194 9.400000 15.236061
v -44.185379 9.693192 15.149206
v -44.096691 9.684126 15.030804
v -36.016666 9.400000 14.930555
v -35.416668 9.400000 15.530556
v -34.816669 10.000000 14.330555
v -35.722172 9.400000 15.019582
v -35.635315 9.693192 14.842400
v -35.516914 9.684126 14.931087
v -35.328510 9.693192 15.149206
v -35.505695 9.400000 15.236061
v -35.417198 9.684127 15.030804
v -35.198021 9.911843 14.623747
v -35.109863 9.911842 14.711905
v -35.315952 9.845299 14.829840
v -35.416668 10.000000 12.405556
v -35.416668 9.400000 11.805555
v -35.416668 9.919615 12.105556
v -35.416668 9.700000 11.885941
v -30.461111 10.000000 14.930555
v -29.861111 9.400000 14.930555
v -30.161110 9.919615 14.930555
v -29.941494 9.700000 14.930555
v -29.861111 9.400000 12.405556
v -30.461111 9.400000 11.805555
v -30.461111 10.000000 12.405556
v -29.941269 9.400000 12.105950
v -29.941269 9.699606 12.405557
v -30.019131 9.686927 12.118629
v -30.461111 9.699606 11.885714
v -30.161505 9.400000 11.885714
v -30.174185 9.686927 11.963577
v -30.161505 9.919842 12.405557
v -30.461111 9.919842 12.105950
v -30.174185 9.841979 12.118629
v -20.833334 9.400000 14.930555
v -20.233334 10.000000 14.930555
v -20.752947 9.700000 14.930555
v -20.533333 9.919615 14.930555
v -14.930555 9.400000 14.330555
v -15.530556 10.000000 15.530556
v -14.330555 9.400000 14.930555
v -15.018713 9.693193 14.711906
v -14.841528 9.400000 14.625050
v -14.930025 9.684128 14.830310
v -15.149204 9.911842 15.237362
v -15.237362 9.911842 15.149204
v -15.031270 9.845299 15.031270
v -14.625050 9.400000 14.841528
v -14.711906 9.693193 15.018713
v -14.830309 9.684127 14.930023
v 14.930555 9.400000 14.330555
v 14.330555 9.400000 14.930555
v 15.530556 10.000000 15.530556
v 14.841528 9.400000 14.625050
v 15.018713 9.693193 14.711906
v 14.930023 9.684127 14.830309
v 14.711906 9.693193 15.018713
v 14.625050 9.400000 14.841528
v 14.830310 9.684128 14.930025
v 15.237362 9.911842 15.149204
v 15.149204 9.911842 15.237362
v 15.031270 9.845299 15.031270
v 20.233334 10.000000 14.930555
v 20.833334 9.400000 14.930555
v 20.533333 9.919615 14.930555
v 20.752947 9.700000 14.930555
v 29.861111 9.400000 14.930555
v 30.461111 10.000000 14.930555
v 29.941494 9.700000 14.930555
v 30.161110 9.919615 14.930555
v 34.816669 10.000000 14.930555
v 35.416668 9.400000 14.930555
v 35.116669 9.919615 14.930555
v 35.336285 9.700000 14.930555
v 44.097221 9.400000 14.930555
v 44.697220 10.000000 14.930555
v 44.177605 9.700000 14.930555
v 44.397221 9.919615 14.930555
v 49.400002 10.000000 14.930555
v 50.000000 9.400000 14.930555
v 49.700001 9.919615 14.930555
v 49.919617 9.700000 14.930555
v -50.000000 9.400000 20.833334
v -49.400002 10.000000 20.833334
v -49.919617 9.700000 20.833334
v -49.700001 9.919615 20.833334
v -44.697220 10.000000 20.833334
v -44.097221 9.400000 20.833334
v -44.397221 9.919615 20.833334
v -44.177605 9.700000 20.833334
v -35.416668 9.400000 20.833334
v -34.816669 10.000000 20.833334
v -35.336285 9.700000 20.833334
v -35.116669 9.919615 20.833334
v -30.461111 10.000000 20.833334
v -29.861111 9.400000 20.833334
v -30.161110 9.919615 20.833334
v -29.941494 9.700000 20.833334
v -20.233334 9.400000 20.833334
v -20.233334 10.000000 20.233334
v -20.833334 9.400000 20.233334
v -20.233334 9.699606 20.753176
v -20.532940 9.400000 20.753176
v -20.520260 9.686927 20.675314
v -20.532940 9.919842 20.233334
v -20.233334 9.919842 20.532940
v -20.520260 9.841979 20.520260
v -20.753176 9.400000 20.532940
v -20.753176 9.699606 20.233334
v -20.675314 9.686927 20.520260
v -14.930555 9.400000 20.833334
v -14.930555 10.000000 20.233334
v -14.930555 9.700000 20.752947
v -14.930555 9.919615 20.533333
v -11.805555 9.400000 20.833334
v -11.805555 10.000000 20.233334
v -11.805555 9.700000 20.752947
v -11.805555 9.919615 20.533333
v -11.805555 10.000000 15.530556
v -11.805555 9.400000 14.930555
v -11.805555 9.919615 15.230556
v -11.805555 9.700000 15.010941
v -2.777778 9.400000 20.833334
v -2.777778 10.000000 20.233334
v -2.777778 9.700000 20.752947
v -2.777778 9.919615 20.533333
v -2.777778 10.000000 15.530556
v -2.777778 9.400000 14.930555
v -2.777778 9.919615 15.230556
v -2.777778 9.700000 15.010941
v 2.777778 9.400000 20.833334
v 2.777778 10.000000 20.233334
v 2.777778 9.700000 20.752947
v 2.777778 9.919615 20.533333
v 2.777778 10.000000 15.530556
v 2.777778 9.400000 14.930555
v 2.777778 9.919615 15.230556
v 2.777778 9.700000 15.010941
v 11.805555 9.400000 20.833334
v 11.805555 10.000000 20.233334
v 11.805555 9.700000 20.752947
v 11.805555 9.919615 20.533333
v 11.805555 10.000000 15.530556
v 11.805555 9.400000 14.930555
v 11.805555 9.919615 15.230556
v 11.805555 9.700000 15.010941
v 14.930555 9.400000 20.833334
v 14.930555 10.000000 20.233334
v 14.930555 9.700000 20.752947
v 14.930555 9.919615 20.533333
v 20.233334 9.400000 20.833334
v 20.833334 9.400000 20.233334
v 20.233334 10.000000 20.233334
v 20.532940 9.400000 20.753176
v 20.233334 9.699606 20.753176
v 20.520260 9.686927 20.675314
v 20.753176 9.699606 20.233334
v 20.753176 9.400000 20.532940
v 20.675314 9.686927 20.520260
v 20.233334 9.919842 20.532940
v 20.532940 9.919842 20.233334
v 20.520260 9.841979 20.520260
v 29.861111 9.400000 20.833334
v 30.461111 10.000000 20.833334
v 29.941494 9.700000 20.833334
v 30.161110 9.919615 20.833334
v 34.816669 10.000000 20.833334
v 35.416668 9.400000 20.833334
v 35.116669 9.919615 20.833334
v 35.336285 9.700000 20.833334
v 44.097221 9.400000 20.833334
v 44.697220 10.000000 20.833334
v 44.177605 9.700000 20.833334
v 44.397221 9.919615 20.833334
v 49.400002 10.000000 20.833334
v 50.000000 9.400000 20.833334
v 49.700001 9.919615 20.833334
v 49.919617 9.700000 20.833334
v -50.000000 9.400000 29.861111
v -49.400002 10.000000 29.861111
v -49.919617 9.700000 29.861111
v -49.700001 9.919615 29.861111
v -44.697220 10.000000 29.861111
v -44.097221 9.400000 29.861111
v -44.397221 9.919615 29.861111
v -44.177605 9.700000 29.861111
v -35.416668 9.400000 29.861111
v -34.816669 10.000000 29.861111
v -35.336285 9.700000 29.861111
v -35.116669 9.919615 29.861111
v -29.861111 9.400000 29.261110
v -30.461111 10.000000 30.461111
v -29.261110 9.400000 29.861111
v -29.949265 9.693193 29.642460
v -29.772087 9.400000 29.555607
v -29.860580 9.684128 29.760864
v -30.079762 9.911843 30.167917
v -30.167915 9.911842 30.079760
v -29.961826 9.845299 29.961826
v -29.555607 9.400000 29.772085
v -29.642460 9.693193 29.949266
v -29.760864 9.684128 29.860579
v 29.861111 9.400000 29.261110
v 29.261110 9.400000 29.861111
v 30.461111 10.000000 30.461111
v 29.772085 9.400000 29.555607
v 29.949266 9.693193 29.642460
v 29.860579 9.684128 29.760864
v 29.642460 9.693193 29.949265
v 29.555607 9.400000 29.772087
v 29.760864 9.684128 29.860580
v 30.167917 9.911843 30.079762
v 30.079760 9.911842 30.167915
v 29.961826 9.845300 29.961826
v 34.816669 10.000000 29.861111
v 35.416668 9.400000 29.861111
v 35.116669 9.919615 29.861111
v 35.336285 9.700000 29.861111
v 44.097221 9.400000 29.861111
v 44.697220 10.000000 29.861111
v 44.177605 9.700000 29.861111
v 44.397221 9.919615 29.861111
v 49.400002 10.000000 29.861111
v 50.000000 9.400000 29.861111
v 49.700001 9.919615 29.861111
v 49.919617 9.700000 29.861111
v -50.000000 9.400000 35.416668
v -49.400002 10.000000 35.416668
v -49.919617 9.700000 35.416668
v -49.700001 9.919615 35.416668
v -44.697220 10.000000 35.416668
v -44.097221 9.400000 35.416668
v -44.397221 9.919615 35.416668
v -44.177605 9.700000 35.416668
v -34.816669 9.400000 35.416668
v -34.816669 10.000000 34.816669
v -35.416668 9.400000 34.816669
v -34.816666 9.699606 35.336506
v -35.116272 9.400000 35.336506
v -35.103592 9.686927 35.258644
v -35.116272 9.919842 34.816666
v -34.816666 9.919842 35.116272
v -35.103592 9.841979 35.103592
v -35.336506 9.400000 35.116272
v -35.336506 9.699606 34.816666
v -35.258644 9.686927 35.103592
v -29.861111 9.400000 35.416668
v -29.861111 10.000000 34.816669
v -29.861111 9.700000 35.336285
v -29.861111 9.919615 35.116669
v -20.833334 9.400000 35.416668
v -20.833334 10.000000 34.816669
v -20.833334 9.700000 35.336285
v -20.833334 9.919615 35.116669
v -20.833334 10.000000 30.461111
v -20.833334 9.400000 29.861111
v -20.833334 9.919615 30.161110
v -20.833334 9.700000 29.941494
v -14.930555 9.400000 35.416668
v -14.930555 10.000000 34.816669
v -14.930555 9.700000 35.336285
v -14.930555 9.919615 35.116669
v -14.930555 10.000000 30.461111
v -14.930555 9.400000 29.861111
v -14.930555 9.919615 30.161110
v -14.930555 9.700000 29.941494
v -12.405556 9.400000 35.416668
v -11.805555 9.400000 34.816669
v -12.405556 10.000000 34.816669
v -12.105950 9.400000 35.336506
v -12.405557 9.699606 35.336506
v -12.118629 9.686927 35.258644
v -11.885714 9.699606 34.816666
v -11.885714 9.400000 35.116272
v -11.963577 9.686927 35.103592
v -12.405557 9.919842 35.116272
v -12.105950 9.919842 34.816666
v -12.118629 9.841979 35.103592
v -11.805555 9.400000 30.461111
v -12.405556 9.400000 29.861111
v -12.405556 10.000000 30.461111
v -11.885714 9.400000 30.161505
v -11.885714 9.699606 30.461111
v -11.963577 9.686927 30.174185
v -12.405557 9.699606 29.941269
v -12.105950 9.400000 29.941269
v -12.118629 9.686927 30.019131
v -12.105950 9.919842 30.461111
v -12.405557 9.919842 30.161505
v -12.118629 9.841979 30.174185
v -2.777778 9.400000 35.416668
v -2.177778 10.000000 35.416668
v -2.697393 9.700000 35.416668
v -2.477778 9.919615 35.416668
v 2.177778 10.000000 35.416668
v 2.777778 9.400000 35.416668
v 2.477778 9.919615 35.416668
v 2.697393 9.700000 35.416668
v 2.777778 9.400000 30.461111
v 2.177778 9.400000 29.861111
v 2.177778 10.000000 30.461111
v 2.697620 9.400000 30.161505
v 2.697620 9.699606 30.461111
v 2.619757 9.686927 30.174185
v 2.177778 9.699606 29.941269
v 2.477384 9.400000 29.941269
v 2.464705 9.686927 30.019131
v 2.477384 9.919842 30.461111
v 2.177778 9.919842 30.161505
v 2.464705 9.841979 30.174185
v -2.177778 9.400000 29.861111
v -2.777778 9.400000 30.461111
v -2.177778 10.000000 30.461111
v -2.477384 9.400000 29.941269
v -2.177778 9.699606 29.941269
v -2.464705 9.686927 30.019131
v -2.697620 9.699606 30.461111
v -2.697620 9.400000 30.161505
v -2.619757 9.686927 30.174185
v -2.177778 9.919842 30.161505
v -2.477384 9.919842 30.461111
v -2.464705 9.841979 30.174185
v 12.405556 9.400000 35.416668
v 12.405556 10.000000 34.816669
v 11.805555 9.400000 34.816669
v 12.405557 9.699606 35.336506
v 12.105950 9.400000 35.336506
v 12.118629 9.686927 35.258644
v 12.105950 9.919842 34.816666
v 12.405557 9.919842 35.116272
v 12.118629 9.841979 35.103592
v 11.885714 9.400000 35.116272
v 11.885714 9.699606 34.816666
v 11.963577 9.686927 35.103592
v 14.930555 9.400000 35.416668
v 14.930555 10.000000 34.816669
v 14.930555 9.700000 35.336285
v 14.930555 9.919615 35.116669
v 14.930555 10.000000 30.461111
v 14.930555 9.400000 29.861111
v 14.930555 9.919615 30.161110
v 14.930555 9.700000 29.941494
v 12.405556 9.400000 29.861111
v 11.805555 9.400000 30.461111
v 12.405556 10.000000 30.461111
v 12.105950 9.400000 29.941269
v 12.405557 9.699606 29.941269
v 12.118629 9.686927 30.019131
v 11.885714 9.699606 30.461111
v 11.885714 9.400000 30.161505
v 11.963577 9.686927 30.174185
v 12.405557 9.919842 30.161505
v 12.105950 9.919842 30.461111
v 12.118629 9.841979 30.174185
v 20.833334 9.400000 35.416668
v 20.833334 10.000000 34.816669
v 20.833334 9.700000 35.336285
v 20.833334 9.919615 35.116669
v 20.833334 10.000000 30.461111
v 20.833334 9.400000 29.861111
v 20.833334 9.919615 30.161110
v 20.833334 9.700000 29.941494
v 29.861111 9.400000 35.416668
v 29.861111 10.000000 34.816669
v 29.861111 9.700000 35.336285
v 29.861111 9.919615 35.116669
v 34.816669 9.400000 35.416668
v 35.416668 9.400000 34.816669
v 34.816669 10.000000 34.816669
v 35.116272 9.400000 35.336506
v 34.816666 9.699606 35.336506
v 35.103592 9.686927 35.258644
v 35.336506 9.699606 34.816666
v 35.336506 9.400000 35.116272
v 35.258644 9.686927 35.103592
v 34.816666 9.919842 35.116272
v 35.116272 9.919842 34.816666
v 35.103592 9.841979 35.103592
v 44.097221 9.400000 35.416668
v 44.697220 10.000000 35.416668
v 44.177605 9.700000 35.416668
v 44.397221 9.919615 35.416668
v 49.400002 10.000000 35.416668
v 50.000000 9.400000 35.416668
v 49.700001 9.919615 35.416668
v 49.919617 9.700000 35.416668
v -50.000000 9.400000 44.097221
v -49.400002 10.000000 44.097221
v -49.919617 9.700000 44.097221
v -49.700001 9.919615 44.097221
v -44.097221 9.400000 43.497223
v -44.697220 10.000000 44.697220
v -43.497223 9.400000 44.097221
v -44.185379 9.693192 43.878574
v -44.008194 9.400000 43.791718
v -44.096691 9.684126 43.996975
v -44.315872 9.911843 44.404030
v -44.404030 9.911843 44.315872
v -44.197937 9.845300 44.197937
v -43.791718 9.400000 44.008194
v -43.878571 9.693192 44.185379
v -43.996975 9.684126 44.096687
v -2.777778 9.400000 43.497223
v -3.377778 9.400000 44.097221
v -2.177778 10.000000 44.697220
v -2.866804 9.400000 43.791718
v -2.689621 9.693192 43.878571
v -2.778309 9.684127 43.996971
v -2.996428 9.693192 44.185379
v -3.083283 9.400000 44.008194
v -2.878025 9.684127 44.096691
v -2.470971 9.911842 44.315872
v -2.559128 9.911842 44.404026
v -2.677062 9.845299 44.197937
v 2.777778 9.400000 43.497223
v 2.177778 10.000000 44.697220
v 3.377778 9.400000 44.097221
v 2.689621 9.693192 43.878571
v 2.866804 9.400000 43.791718
v 2.778309 9.684126 43.996971
v 2.559128 9.911843 44.404030
v 2.470971 9.911842 44.315872
v 2.677062 9.845299 44.197937
v 3.083283 9.400000 44.008194
v 2.996428 9.693192 44.185379
v 2.878025 9.684126 44.096691
v 44.097221 9.400000 43.497223
v 43.497223 9.400000 44.097221
v 44.697220 10.000000 44.697220
v 44.008194 9.400000 43.791718
v 44.185379 9.693192 43.878571
v 44.096687 9.684126 43.996975
v 43.878574 9.693192 44.185379
v 43.791718 9.400000 44.008194
v 43.996975 9.684126 44.096691
v 44.404030 9.911843 44.315872
v 44.315872 9.911843 44.404030
v 44.197937 9.845300 44.197937
v 49.400002 10.000000 44.097221
v 50.000000 9.400000 44.097221
v 49.700001 9.919615 44.097221
v 49.919617 9.700000 44.097221
v -49.400002 9.400000 50.000000
v -49.400002 10.000000 49.400002
v -50.000000 9.400000 49.400002
v -49.400002 9.699606 49.919842
v -49.699608 9.400000 49.919842
v -49.686928 9.686927 49.841980
v -49.699608 9.919842 49.400002
v -49.400002 9.919842 49.699608
v -49.686928 9.841979 49.686928
v -49.919842 9.400000 49.699608
v -49.919842 9.699606 49.400002
v -49.841980 9.686927 49.686928
v -44.097221 9.400000 50.000000
v -44.097221 10.000000 49.400002
v -44.097221 9.700000 49.919617
v -44.097221 9.919615 49.700001
v -35.416668 9.400000 50.000000
v -35.416668 10.000000 49.400002
v -35.416668 9.700000 49.919617
v -35.416668 9.919615 49.700001
v -35.416668 10.000000 44.697220
v -35.416668 9.400000 44.097221
v -35.416668 9.919615 44.397221
v -35.416668 9.700000 44.177605
v -29.861111 9.400000 50.000000
v -29.861111 10.000000 49.400002
v -29.861111 9.700000 49.919617
v -29.861111 9.919615 49.700001
v -29.861111 10.000000 44.697220
v -29.861111 9.400000 44.097221
v -29.861111 9.919615 44.397221
v -29.861111 9.700000 44.177605
v -20.833334 9.400000 50.000000
v -20.833334 10.000000 49.400002
v -20.833334 9.700000 49.919617
v -20.833334 9.919615 49.700001
v -20.833334 10.000000 44.697220
v -20.833334 9.400000 44.097221
v -20.833334 9.919615 44.397221
v -20.833334 9.700000 44.177605
v -14.930555 9.400000 50.000000
v -14.930555 10.000000 49.400002
v -14.930555 9.700000 49.919617
v -14.930555 9.919615 49.700001
v -14.930555 10.000000 44.697220
v -14.930555 9.400000 44.097221
v -14.930555 9.919615 44.397221
v -14.930555 9.700000 44.177605
v -11.805555 9.400000 50.000000
v -11.805555 10.000000 49.400002
v -11.805555 9.700000 49.919617
v -11.805555 9.919615 49.700001
v -11.805555 10.000000 44.697220
v -11.805555 9.400000 44.097221
v -11.805555 9.919615 44.397221
v -11.805555 9.700000 44.177605
v -2.777778 9.400000 50.000000
v -2.777778 10.000000 49.400002
v -2.777778 9.700000 49.919617
v -2.777778 9.919615 49.700001
v 2.777778 9.400000 50.000000
v 2.777778 10.000000 49.400002
v 2.777778 9.700000 49.919617
v 2.777778 9.919615 49.700001
v 11.805555 9.400000 50.000000
v 11.805555 10.000000 49.400002
v 11.805555 9.700000 49.919617
v 11.805555 9.919615 49.700001
v 11.805555 10.000000 44.697220
v 11.805555 9.400000 44.097221
v 11.805555 9.919615 44.397221
v 11.805555 9.700000 44.177605
v 14.930555 9.400000 50.000000
v 14.930555 10.000000 49.400002
v 14.930555 9.700000 49.919617
v 14.930555 9.919615 49.700001
v 14.930555 10.000000 44.697220
v 14.930555 9.400000 44.097221
v 14.930555 9.919615 44.397221
v 14.930555 9.700000 44.177605
v 20.833334 9.400000 50.000000
v 20.833334 10.000000 49.400002
v 20.833334 9.700000 49.919617
v 20.833334 9.919615 49.700001
v 20.833334 10.000000 44.697220
v 20.833334 9.400000 44.097221
v 20.833334 9.919615 44.397221
v 20.833334 9.700000 44.177605
v 29.861111 9.400000 50.000000
v 29.861111 10.000000 49.400002
v 29.861111 9.700000 49.919617
v 29.861111 9.919615 49.700001
v 29.861111 10.000000 44.697220
v 29.861111 9.400000 44.097221
v 29.861111 9.919615 44.397221
v 29.861111 9.700000 44.177605
v 35.416668 9.400000 50.000000
v 35.416668 10.000000 49.400002
v 35.416668 9.700000 49.919617
v 35.416668 9.919615 49.700001
v 35.416668 10.000000 44.697220
v 35.416668 9.400000 44.097221
v 35.416668 9.919615 44.397221
v 35.416668 9.700000 44.177605
v 44.097221 9.400000 50.000000
v 44.097221 10.000000 49.400002
v 44.097221 9.700000 49.919617
v 44.097221 9.919615 49.700001
v 49.400002 9.400000 50.000000
v 50.000000 9.400000 49.400002
v 49.400002 10.000000 49.400002
v 49.699608 9.400000 49.919842
v 49.400002 9.699606 49.919842
v 49.686928 9.686927 49.841980
v 49.919842 9.699606 49.400002
v 49.919842 9.400000 49.699608
v 49.841980 9.686927 49.686928
v 49.400002 9.919842 49.699608
v 49.699608 9.919842 49.400002
v 49.686928 9.841979 49.686928
vn -0.0000 -0.0000 1.0000
vn 0.5137 -0.0000 0.8580
vn 0.4559 -0.7398 0.4948
vn -0.0009 -0.5060 0.8625
vn 0.5136 -0.0000 0.8580
vn 0.8580 -0.0000 0.5137
vn 0.4947 -0.7398 0.4560
vn 0.4560 -0.7398 0.4948
vn 1.0000 -0.0000 -0.0000
vn 0.8625 -0.5060 -0.0009
vn 0.4948 -0.7398 0.4559
vn 0.5070 -0.8619 -0.0008
vn 0.3176 -0.8934 0.3177
vn -0.0000 -1.0000 -0.0000
vn -0.0009 -0.8620 0.5070
vn 0.3177 -0.8934 0.3176
vn 0.5070 -0.8620 -0.0009
vn -0.0009 -0.8619 0.5070
vn -0.0009 -0.5059 0.8626
vn 0.4560 -0.7398 0.4947
vn 0.3177 -0.8934 0.3177
vn 0.4947 -0.7398 0.4559
vn -1.0000 -0.0000 -0.0000
vn -0.8661 -0.0000 -0.4998
vn -0.7745 -0.4473 -0.4473
vn -0.8661 -0.4999 -0.0000
vn -0.8661 -0.0000 -0.4999
vn -0.4998 -0.0001 -0.8661
vn -0.4474 -0.4473 -0.7744
vn -0.7745 -0.4473 -0.4474
vn -0.0000 -0.0000 -1.0000
vn -0.0000 -0.4999 -0.8661
vn -0.4474 -0.4473 -0.7745
vn -0.4998 -0.0000 -0.8661
vn -0.0000 -0.5000 -0.8661
vn -0.0000 -0.8661 -0.4999
vn -0.4473 -0.7744 -0.4474
vn -0.4473 -0.4474 -0.7745
vn -0.4999 -0.8661 -0.0000
vn -0.4473 -0.7745 -0.4473
vn -0.7744 -0.4474 -0.4473
vn -0.4474 -0.7745 -0.4473
vn -0.7744 -0.4473 -0.4474
vn -0.4474 -0.4474 -0.7744
vn -0.4474 -0.7744 -0.4473
vn 0.0008 -0.5060 0.8625
vn -0.4559 -0.7398 0.4948
vn -0.5137 -0.0000 0.8580
vn 0.0009 -0.5060 0.8626
vn 0.0008 -0.8620 0.5070
vn -0.3177 -0.8934 0.3177
vn -0.4560 -0.7398 0.4947
vn -0.5070 -0.8620 -0.0009
vn -0.3176 -0.8934 0.3177
vn 0.0008 -0.8620 0.5069
vn -0.5070 -0.8619 -0.0009
vn -0.8626 -0.5059 -0.0009
vn -0.4947 -0.7399 0.4560
vn -0.8580 -0.0000 0.5137
vn -0.4948 -0.7398 0.4560
vn -0.8625 -0.5060 -0.0009
vn -0.5136 -0.0000 0.8580
vn -0.4947 -0.7398 0.4560
vn -0.0008 -0.5060 0.8625
vn 0.5070 -0.8619 -0.0009
vn -0.0009 -0.8620 0.5069
vn -0.0008 -0.8620 0.5070
vn -0.0009 -0.5060 0.8626
vn 0.4560 -0.7399 0.4947
vn -0.0000 0.0001 1.0000
vn 0.0009 -0.5060 0.8625
vn -0.3177 -0.8934 0.3176
vn 0.0009 -0.8620 0.5070
vn -0.4948 -0.7398 0.4559
vn -0.8625 -0.5060 -0.0008
vn -0.8580 -0.0000 0.5136
vn 0.8661 -0.4999 -0.0000
vn 0.7745 -0.4473 -0.4474
vn 0.8661 -0.0000 -0.4998
vn 0.4999 -0.8661 -0.0000
vn 0.4474 -0.7744 -0.4473
vn 0.7745 -0.4474 -0.4473
vn 0.4473 -0.7745 -0.4473
vn 0.4473 -0.4474 -0.7744
vn 0.4473 -0.7745 -0.4474
vn 0.4999 -0.0000 -0.8661
vn 0.4473 -0.4473 -0.7745
vn 0.8661 -0.0001 -0.4999
vn 0.7744 -0.4473 -0.4474
vn 0.4474 -0.4473 -0.7745
vn 0.7744 -0.4474 -0.4473
vn 0.4474 -0.7744 -0.4474
vn 0.4474 -0.4473 -0.7744
vn 0.8580 -0.0000 0.5136
vn 1.0000 0.0001 -0.0000
vn 0.8625 -0.5060 -0.0008
vn 0.8626 -0.5060 -0.0009
vn 0.5069 -0.8620 -0.0009
vn -0.0008 -0.8620 0.5069
vn 0.5070 -0.8620 -0.0008
vn -0.4473 -0.4473 -0.7745
vn -0.4473 -0.4474 -0.7744
vn -0.0000 -0.4999 0.8661
vn 0.4473 -0.4473 0.7745
vn 0.4998 -0.0000 0.8661
vn -0.0000 -0.5000 0.8661
vn 0.0001 -0.8661 0.4999
vn 0.4473 -0.7744 0.4474
vn 0.4473 -0.4474 0.7745
vn 0.4473 -0.7745 0.4474
vn -0.0000 -0.8661 0.4999
vn 0.8661 -0.4999 0.0001
vn 0.7744 -0.4474 0.4473
vn 0.4474 -0.7745 0.4473
vn 0.8661 -0.0000 0.4998
vn 0.7745 -0.4474 0.4473
vn 0.8661 -0.4998 -0.0000
vn 0.8661 -0.0000 0.4999
vn 0.4999 -0.0001 0.8661
vn 0.4474 -0.4473 0.7744
vn 0.7745 -0.4473 0.4474
vn 0.4474 -0.4474 0.7744
vn 0.4474 -0.7744 0.4474
vn 0.7744 -0.4473 0.4474
vn 0.4999 -0.8661 -0.0001
vn 0.4998 -0.8661 -0.0000
vn -0.0000 -0.8661 -0.5000
vn 0.0001 -0.4999 -0.8661
vn 0.4998 -0.0000 -0.8661
vn -0.7745 -0.4473 0.4473
vn -0.8661 -0.0000 0.4998
vn -0.4999 -0.8661 0.0001
vn -0.4474 -0.7744 0.4473
vn -0.7745 -0.4474 0.4473
vn -0.4474 -0.7745 0.4473
vn -0.4998 -0.8661 -0.0000
vn -0.0001 -0.4999 0.8661
vn -0.4473 -0.4474 0.7744
vn -0.4473 -0.7745 0.4474
vn -0.4998 -0.0000 0.8661
vn -0.4473 -0.4474 0.7745
vn -0.4999 -0.0000 0.8661
vn -0.8661 -0.0001 0.4999
vn -0.7744 -0.4473 0.4474
vn -0.4474 -0.4473 0.7745
vn -0.4474 -0.7744 0.4474
vn -0.4474 -0.4473 0.7744
vn -0.7745 -0.4474 -0.4473
vn -0.8661 -0.4998 -0.0000
vn -0.4999 -0.0001 -0.8661
vn -0.0001 -0.8661 -0.4999
vn -0.8661 -0.4999 -0.0001
vn 0.0009 -0.8620 0.5069
vn -0.5069 -0.8620 -0.0008
vn -0.5070 -0.8620 -0.0008
vn -0.8626 -0.5060 -0.0009
vn 0.7745 -0.4473 -0.4473
vn -0.8625 -0.5060 0.0008
vn -0.4948 -0.7398 -0.4559
vn -0.8580 -0.0000 -0.5137
vn -0.8625 -0.5060 0.0009
vn -0.5070 -0.8620 0.0008
vn -0.3177 -0.8934 -0.3177
vn -0.4947 -0.7399 -0.4559
vn 0.0009 -0.8620 -0.5070
vn -0.3177 -0.8934 -0.3176
vn -0.5069 -0.8620 0.0008
vn 0.0008 -0.8620 -0.5070
vn 0.0009 -0.5060 -0.8626
vn -0.4560 -0.7399 -0.4947
vn -0.5137 -0.0000 -0.8580
vn -0.4560 -0.7398 -0.4947
vn 0.0008 -0.5060 -0.8625
vn -0.5136 -0.0000 -0.8580
vn -0.8580 -0.0000 -0.5136
vn -0.4947 -0.7398 -0.4560
vn -0.4560 -0.7398 -0.4948
vn 0.8580 -0.0000 -0.5137
vn 0.4948 -0.7398 -0.4560
vn 0.8625 -0.5060 0.0008
vn 0.5136 -0.0000 -0.8580
vn 0.4560 -0.7398 -0.4947
vn -0.0008 -0.5060 -0.8625
vn 0.4559 -0.7398 -0.4948
vn 0.5137 -0.0000 -0.8580
vn -0.0009 -0.5060 -0.8625
vn -0.0008 -0.8620 -0.5070
vn 0.3177 -0.8934 -0.3177
vn 0.4559 -0.7399 -0.4947
vn 0.5069 -0.8620 0.0009
vn 0.3176 -0.8934 -0.3177
vn -0.0008 -0.8620 -0.5069
vn 0.5070 -0.8620 0.0008
vn 0.8626 -0.5060 0.0009
vn 0.4947 -0.7398 -0.4560
vn -0.0025 -0.5050 0.8631
vn 0.8631 -0.5050 -0.0025
vn 0.8631 -0.5050 -0.0026
vn 0.5078 -0.8615 -0.0024
vn 0.4947 -0.7399 0.4559
vn -0.0024 -0.8615 0.5078
vn -0.0026 -0.5050 0.8631
vn -0.7744 -0.4474 -0.4474
vn 0.0025 -0.5050 0.8631
vn 0.0026 -0.5050 0.8631
vn 0.0024 -0.8615 0.5078
vn -0.4559 -0.7399 0.4947
vn -0.5078 -0.8615 -0.0024
vn -0.8631 -0.5050 -0.0026
vn -0.8631 -0.5050 -0.0025
vn 0.8661 -0.5000 -0.0000
vn 0.4473 -0.4474 -0.7745
vn 0.7744 -0.4474 -0.4474
vn 0.4474 -0.4474 -0.7744
vn -0.0000 -0.8661 0.4998
vn -0.4473 -0.7745 0.4473
vn -0.4473 -0.4473 0.7745
vn -0.0000 -0.4998 0.8661
vn -0.7744 -0.4474 0.4474
vn 0.4473 -0.7745 0.4473
vn 0.5000 -0.8661 -0.0000
vn 0.7745 -0.4473 0.4473
vn 0.4474 -0.7744 0.4473
vn 0.4948 -0.7398 -0.4559
vn -0.0000 -0.5130 -0.8584
vn -0.0000 -0.8584 -0.5130
vn 0.5069 -0.8620 0.0008
vn 0.4947 -0.7398 -0.4559
vn -0.5070 -0.8620 0.0009
vn 0.0009 -0.8619 -0.5070
vn 0.0009 -0.5059 -0.8626
vn 0.0009 -0.5060 -0.8625
vn -0.4947 -0.7398 -0.4559
vn -0.4473 -0.7744 0.4474
vn -0.0000 -0.5130 0.8584
vn 0.4947 -0.7399 0.4560
vn -0.0000 -0.8584 0.5130
vn 0.5069 -0.8620 -0.0008
vn -0.4473 -0.7745 -0.4474
vn -0.4474 -0.7744 -0.4474
vn -0.0000 -0.8584 0.5131
vn -0.5069 -0.8620 -0.0009
vn 0.8580 -0.0000 -0.5136
vn -0.0000 0.0001 -1.0000
vn -0.0009 -0.5060 -0.8626
vn -0.0009 -0.8619 -0.5070
vn 0.4559 -0.7398 -0.4947
vn -0.0009 -0.8620 -0.5070
vn 0.5070 -0.8620 0.0009
vn 0.4947 -0.7399 -0.4560
vn 0.8627 -0.5057 -0.0013
vn 0.8627 -0.5057 -0.0014
vn 0.5072 -0.8618 -0.0013
vn -0.0000 -0.5131 0.8583
vn -0.5072 -0.8618 -0.0013
vn -0.8627 -0.5057 -0.0013
vn 0.8631 -0.5050 0.0025
vn -0.0025 -0.5050 -0.8631
vn -0.0026 -0.5050 -0.8631
vn -0.0024 -0.8615 -0.5078
vn 0.5078 -0.8615 0.0024
vn 0.8631 -0.5050 0.0026
vn -0.8631 -0.5050 0.0025
vn -0.8631 -0.5050 0.0026
vn -0.5078 -0.8615 0.0024
vn 0.0024 -0.8615 -0.5078
vn 0.0026 -0.5050 -0.8631
vn 0.0025 -0.5050 -0.8631
vn -0.8661 -0.5000 -0.0000
vn -0.4474 -0.4474 0.7744
vn 0.7744 -0.4474 0.4474
vn -0.0009 -0.8620 -0.5069
vn 0.3177 -0.8934 -0.3176
vn -1.0000 0.0001 -0.0000
vn -0.8626 -0.5060 0.0009
vn -0.5069 -0.8620 0.0009
vn -0.3176 -0.8934 -0.3177
vn 0.0008 -0.8620 -0.5069
vn -0.4559 -0.7398 -0.4948
vn -0.7744 -0.4474 0.4473
vn -0.0000 -0.8661 0.5000
vn 0.4474 -0.7745 -0.4473
vn -0.0000 -0.8661 -0.4998
vn -0.0000 -0.4998 -0.8661
vn -0.5000 -0.8661 -0.0000
vn -0.7745 -0.4473 0.4474
vn 0.4473 -0.4474 0.7744
vn 0.4998 -0.0001 0.8661
vn 0.5070 -0.8619 0.0009
vn 0.8626 -0.5059 0.0009
vn -0.5070 -0.8619 0.0009
vn 0.0009 -0.8620 -0.5069
vn 0.8625 -0.5060 0.0009
vn -0.5070 -0.8619 0.0008
vn -0.4559 -0.7398 -0.4947
vn -0.8580 0.0001 -0.5137
vn 0.4474 -0.4473 0.7745
vn -0.0000 -0.0001 1.0000
vn -0.0009 0.5060 0.8626
vn 0.4559 0.7398 0.4948
vn -0.0009 0.5059 0.8626
vn -0.0009 0.8619 0.5070
vn 0.3177 0.8934 0.3177
vn 0.4559 0.7398 0.4947
vn -0.0000 1.0000 -0.0000
vn 0.5070 0.8620 -0.0009
vn 0.3176 0.8934 0.3177
vn -0.0009 0.8620 0.5070
vn 0.5070 0.8619 -0.0009
vn 0.8626 0.5059 -0.0009
vn 0.4947 0.7398 0.4560
vn 0.4948 0.7398 0.4560
vn 0.8625 0.5060 -0.0009
vn 0.4560 0.7398 0.4947
vn 0.4947 0.7398 0.4559
vn -0.4473 0.4473 -0.7745
vn -0.0000 0.4999 -0.8661
vn -0.4999 -0.0000 -0.8661
vn -0.8661 0.0001 -0.4999
vn -0.7744 0.4473 -0.4474
vn -0.4474 0.4473 -0.7745
vn -0.8661 0.4999 -0.0000
vn -0.7745 0.4473 -0.4473
vn -0.4999 0.8661 -0.0000
vn -0.4474 0.7744 -0.4473
vn -0.7745 0.4474 -0.4473
vn -0.0000 0.8661 -0.4999
vn -0.4473 0.7745 -0.4473
vn -0.0000 0.5000 -0.8661
vn -0.4473 0.4474 -0.7744
vn -0.4473 0.7745 -0.4474
vn -0.4474 0.4473 -0.7744
vn -0.7744 0.4474 -0.4473
vn -0.4473 0.7744 -0.4474
vn -0.4560 0.7398 0.4948
vn 0.0008 0.5060 0.8625
vn -0.4947 0.7398 0.4560
vn -0.8625 0.5060 -0.0009
vn -0.4948 0.7398 0.4559
vn -0.5070 0.8619 -0.0009
vn -0.3177 0.8934 0.3177
vn -0.4947 0.7399 0.4559
vn 0.0008 0.8620 0.5069
vn -0.3177 0.8934 0.3176
vn -0.5070 0.8620 -0.0009
vn 0.0008 0.8620 0.5070
vn 0.0009 0.5060 0.8626
vn -0.4560 0.7398 0.4947
vn -0.0008 0.5060 0.8625
vn -0.0008 0.8619 0.5070
vn -0.0008 0.8620 0.5069
vn 0.4947 0.7399 0.4560
vn 0.4948 0.7398 0.4559
vn 0.0009 0.5060 0.8625
vn -0.8626 0.5059 -0.0009
vn 0.0009 0.8620 0.5070
vn 0.0009 0.8619 0.5070
vn 0.0009 0.5059 0.8626
vn -0.3177 0.8934 0.3178
vn 0.7745 0.4473 -0.4473
vn 0.8661 0.4999 -0.0000
vn 0.8661 -0.0000 -0.4999
vn 0.4998 0.0001 -0.8661
vn 0.4474 0.4473 -0.7744
vn 0.7745 0.4473 -0.4474
vn 0.4473 0.4473 -0.7745
vn 0.4473 0.7744 -0.4474
vn 0.4473 0.4474 -0.7745
vn 0.4999 0.8661 -0.0000
vn 0.4473 0.7745 -0.4473
vn 0.7744 0.4474 -0.4473
vn 0.4474 0.7745 -0.4473
vn 0.7744 0.4473 -0.4474
vn 0.4473 0.4474 -0.7744
vn 0.4474 0.7744 -0.4473
vn -0.0009 0.5060 0.8625
vn -0.0008 0.8620 0.5070
vn 0.3177 0.8934 0.3176
vn 0.5069 0.8620 -0.0009
vn 0.5070 0.8619 -0.0008
vn 0.8626 0.5060 -0.0009
vn 0.8625 0.5060 -0.0008
vn -0.8661 0.4999 -0.0001
vn -0.0000 0.8661 -0.5000
vn 0.4473 0.4474 0.7745
vn -0.0000 0.4999 0.8661
vn 0.4999 -0.0000 0.8661
vn 0.8661 0.0001 0.4999
vn 0.7744 0.4473 0.4474
vn 0.4474 0.4473 0.7745
vn 0.7745 0.4473 0.4474
vn 0.4999 0.8661 0.0001
vn 0.4474 0.7744 0.4473
vn 0.7745 0.4474 0.4473
vn -0.0000 0.8661 0.4999
vn 0.4474 0.7745 0.4473
vn 0.4998 0.8661 -0.0000
vn 0.0001 0.4999 0.8661
vn 0.4473 0.4474 0.7744
vn 0.4473 0.7745 0.4474
vn 0.4474 0.4473 0.7744
vn 0.4474 0.7744 0.4474
vn 0.7745 0.4474 -0.4473
vn 0.8661 0.4998 -0.0000
vn 0.4999 0.0001 -0.8661
vn 0.0001 0.8661 -0.4999
vn 0.8661 0.4999 -0.0001
vn -0.4473 0.4473 0.7745
vn -0.0000 0.5000 0.8661
vn -0.0001 0.8661 0.4999
vn -0.4473 0.7744 0.4474
vn -0.4473 0.4474 0.7745
vn -0.4473 0.7745 0.4474
vn -0.8661 0.4999 0.0001
vn -0.7744 0.4474 0.4473
vn -0.4474 0.7745 0.4473
vn -0.8661 -0.0000 0.4999
vn -0.7745 0.4474 0.4473
vn -0.8661 0.4998 -0.0000
vn -0.4999 0.0001 0.8661
vn -0.4474 0.4473 0.7744
vn -0.7745 0.4473 0.4474
vn -0.4474 0.4474 0.7744
vn -0.4474 0.7744 0.4474
vn -0.7744 0.4473 0.4474
vn -0.7745 0.4473 -0.4474
vn -0.4999 0.8661 -0.0001
vn -0.4474 0.7745 -0.4473
vn -0.4998 0.8661 -0.0000
vn -0.0001 0.4999 -0.8661
vn -0.4559 0.7398 0.4948
vn -1.0000 -0.0001 -0.0000
vn -0.8625 0.5060 -0.0008
vn -0.5070 0.8619 -0.0008
vn -0.3176 0.8934 0.3177
vn -0.5069 0.8620 -0.0008
vn -0.4948 0.7398 -0.4560
vn -0.8625 0.5060 0.0008
vn -0.4560 0.7398 -0.4947
vn 0.0008 0.5060 -0.8625
vn -0.4559 0.7398 -0.4947
vn 0.0009 0.5060 -0.8626
vn 0.0008 0.8620 -0.5070
vn -0.3177 0.8934 -0.3177
vn -0.4559 0.7399 -0.4947
vn -0.5069 0.8620 0.0008
vn -0.3176 0.8934 -0.3177
vn 0.0008 0.8620 -0.5069
vn -0.5070 0.8620 0.0008
vn -0.8626 0.5060 0.0009
vn -0.4947 0.7398 -0.4560
vn 0.8625 0.5060 0.0008
vn 0.4948 0.7398 -0.4559
vn 0.8625 0.5060 0.0009
vn 0.5070 0.8620 0.0008
vn 0.3177 0.8934 -0.3177
vn 0.4947 0.7399 -0.4560
vn -0.0008 0.8620 -0.5069
vn 0.3177 0.8934 -0.3176
vn 0.5069 0.8620 0.0008
vn -0.0008 0.8620 -0.5070
vn -0.0009 0.5060 -0.8626
vn 0.4560 0.7398 -0.4947
vn 0.4560 0.7398 -0.4948
vn -0.0008 0.5060 -0.8625
vn 0.4947 0.7398 -0.4560
vn 0.4559 0.7399 -0.4947
vn -0.0025 0.5050 0.8631
vn -0.0026 0.5050 0.8631
vn -0.0024 0.8615 0.5078
vn 0.4559 0.7399 0.4947
vn 0.5078 0.8615 -0.0024
vn 0.8631 0.5050 -0.0026
vn 0.8631 0.5050 -0.0025
vn -0.4473 0.4474 -0.7745
vn -0.8661 0.5000 -0.0000
vn -0.4474 0.4474 -0.7744
vn -0.4474 0.7744 -0.4474
vn 0.0025 0.5050 0.8631
vn -0.8631 0.5050 -0.0025
vn -0.8631 0.5050 -0.0026
vn -0.5078 0.8615 -0.0024
vn 0.0024 0.8615 0.5078
vn 0.0026 0.5050 0.8631
vn 0.7744 0.4474 -0.4474
vn 0.4474 0.4474 -0.7744
vn -0.4473 0.7745 0.4473
vn -0.0000 0.8661 0.4998
vn -0.7745 0.4473 0.4473
vn -0.4474 0.7744 0.4473
vn -0.7744 0.4474 0.4474
vn 0.4473 0.4473 0.7745
vn -0.0000 0.4998 0.8661
vn 0.8661 0.4999 0.0001
vn 0.7745 0.4473 0.4473
vn 0.4473 0.7745 0.4473
vn 0.7744 0.4474 0.4473
vn 0.4473 0.7744 0.4474
vn 1.0000 -0.0001 -0.0000
vn 0.5069 0.8620 0.0009
vn 0.3176 0.8934 -0.3177
vn -0.0000 0.8584 -0.5130
vn -0.0000 0.5130 -0.8584
vn 0.4560 0.7399 -0.4947
vn -0.4559 0.7398 -0.4948
vn -0.4947 0.7399 -0.4560
vn 0.0009 0.5060 -0.8625
vn 0.0009 0.8619 -0.5070
vn 0.0009 0.8620 -0.5070
vn -0.5070 0.8620 0.0009
vn -0.5000 0.8661 -0.0000
vn -0.4473 0.4474 0.7744
vn -0.5070 0.8620 -0.0008
vn -0.0000 0.5130 0.8584
vn -0.0000 0.5131 0.8584
vn -0.0000 0.8584 0.5130
vn 0.4560 0.7399 0.4947
vn 0.5069 0.8620 -0.0008
vn 0.5070 0.8620 -0.0008
vn 0.4947 0.7399 -0.4559
vn -0.0009 0.8620 -0.5070
vn 0.4559 0.7398 -0.4948
vn -0.0009 0.5060 -0.8625
vn -0.0000 0.8584 0.5131
vn 0.5072 0.8618 -0.0013
vn 0.8627 0.5057 -0.0013
vn -0.8627 0.5057 -0.0013
vn -0.5072 0.8618 -0.0012
vn -0.4947 0.7399 0.4560
vn -0.4560 0.7399 0.4947
vn 0.8631 0.5050 0.0025
vn 0.8631 0.5050 0.0026
vn 0.5078 0.8615 0.0024
vn -0.0024 0.8615 -0.5078
vn -0.0026 0.5050 -0.8631
vn -0.0025 0.5050 -0.8631
vn -0.8631 0.5050 0.0025
vn 0.0025 0.5050 -0.8631
vn 0.0026 0.5050 -0.8631
vn 0.0024 0.8615 -0.5078
vn -0.5078 0.8615 0.0024
vn -0.8631 0.5050 0.0026
vn 0.8661 0.5000 -0.0000
vn 0.4474 0.4474 0.7744
vn -0.0009 0.8619 -0.5070
vn -0.4948 0.7398 -0.4559
vn -0.0000 -0.0001 -1.0000
vn -0.3177 0.8934 -0.3176
vn -0.4560 0.7399 -0.4947
vn -0.5069 0.8620 0.0009
vn -0.0000 0.8661 0.5000
vn 0.4473 0.7745 -0.4474
vn 0.4474 0.7744 -0.4474
vn -0.0000 0.4998 -0.8661
vn -0.0000 0.8661 -0.4998
vn 0.5000 0.8661 -0.0000
vn 0.8626 0.5059 0.0009
vn 0.5070 0.8619 0.0009
vn 0.5070 0.8620 0.0009
vn -0.0009 0.5059 -0.8626
vn 0.3177 0.8934 -0.3178
vn -0.8625 0.5060 0.0009
vn 0.0008 0.8619 -0.5070
vn -0.5070 0.8619 0.0009
vn -0.8626 0.5059 0.0009
vn 0.4559 0.7398 -0.4947
vn 0.0009 0.5059 -0.8626
vn -0.4998 0.0001 0.8661
vn -0.0000 -1.0000 -0.0001
vn -0.5000 -0.8660 -0.0000
vn -0.8660 -0.5000 -0.0000
vn -0.8660 -0.5000 0.0001
vn -0.0001 -1.0000 -0.0000
vn -0.0000 -0.8660 -0.5000
vn -0.0000 -0.5000 -0.8660
vn 0.0001 -0.5000 -0.8660
vn 0.0001 -1.0000 -0.0001
vn -0.0001 -0.8661 -0.5000
vn -0.0000 -0.8660 -0.5001
vn 0.0001 -0.8660 -0.5001
vn 0.0001 -0.5000 -0.8661
vn -0.0000 -1.0000 0.0001
vn -0.0001 -1.0000 0.0001
vn -0.0000 -0.8660 0.5000
vn -0.0000 -0.5001 0.8660
vn -0.0000 -0.5001 -0.8660
vn 0.0001 -0.8661 0.5000
vn -0.0000 -0.5000 0.8660
vn -0.0000 -0.8660 0.5001
vn 0.0008 -0.8619 0.5070
vn 0.0009 -0.5061 0.8625
vn -0.0008 -0.8619 0.5070
vn -0.0009 -0.5061 0.8625
vn 0.0009 -0.8619 0.5070
vn 0.0009 -0.5059 0.8626
vn 0.5000 -0.8660 -0.0000
vn 0.8660 -0.5000 -0.0000
vn 0.8660 -0.5000 0.0001
vn 0.0001 -1.0000 -0.0000
vn -0.0001 -0.5000 -0.8660
vn -0.0001 -1.0000 -0.0001
vn -0.5000 -0.8661 0.0001
vn -0.5000 -0.8660 -0.0001
vn -0.8660 -0.5001 -0.0000
vn 0.8626 -0.5059 -0.0009
vn 0.0001 -1.0000 0.0001
vn 0.5000 -0.8661 -0.0001
vn 0.5000 -0.8660 0.0001
vn 0.8660 -0.5001 -0.0000
vn 0.0001 -0.8660 -0.5000
vn -0.0008 -0.5060 0.8626
vn -0.0001 -0.8660 0.5000
vn -0.0001 -0.8660 -0.5000
vn 0.8660 -0.5000 -0.0001
vn 0.8625 -0.5061 -0.0009
vn -0.8625 -0.5061 0.0009
vn 0.5070 -0.8619 0.0008
vn 0.8625 -0.5061 0.0009
vn -0.5070 -0.8619 -0.0008
vn -0.8625 -0.5061 -0.0009
vn -0.8626 -0.5060 -0.0008
vn -0.0024 -0.8614 0.5079
vn -0.0026 -0.5051 0.8631
vn 0.0001 -0.5000 0.8660
vn -0.0001 -0.5000 0.8661
vn 0.0008 -0.8619 -0.5070
vn 0.0009 -0.5061 -0.8625
vn -0.0008 -0.8619 -0.5070
vn -0.0009 -0.5061 -0.8625
vn 0.0024 -0.8614 0.5079
vn 0.0026 -0.5051 0.8631
vn -0.5001 -0.8660 -0.0000
vn 0.5079 -0.8614 -0.0024
vn 0.8631 -0.5051 -0.0026
vn -0.5079 -0.8614 -0.0024
vn -0.8631 -0.5051 -0.0026
vn 0.5001 -0.8660 -0.0000
vn 0.5000 -0.8660 -0.0001
vn 0.8626 -0.5060 0.0008
vn 0.8661 -0.5000 0.0001
vn -0.8661 -0.5000 -0.0001
vn -0.8660 -0.5000 -0.0001
vn -0.0000 -0.8583 -0.5131
vn -0.0000 -0.5131 -0.8583
vn -0.0000 -0.8583 0.5131
vn -0.0009 -0.5059 -0.8626
vn 0.5079 -0.8614 0.0024
vn 0.8631 -0.5051 0.0026
vn -0.5079 -0.8614 0.0024
vn -0.8631 -0.5051 0.0026
vn 0.5073 -0.8618 -0.0013
vn 0.8627 -0.5058 -0.0013
vn 0.8627 -0.5058 -0.0014
vn -0.5073 -0.8618 -0.0013
vn -0.8627 -0.5058 -0.0013
vn -0.0024 -0.8614 -0.5079
vn -0.0026 -0.5051 -0.8631
vn 0.0024 -0.8614 -0.5079
vn 0.0026 -0.5051 -0.8631
vn 0.0001 -0.8660 0.5000
vn 0.0008 -0.5060 -0.8626
vn -0.8626 -0.5059 0.0009
vn -0.0001 -0.8660 0.5001
vn -0.0001 -0.5000 0.8660
vn -0.0000 0.5000 -0.8660
vn -0.0000 0.8660 -0.5000
vn -0.8660 0.5000 -0.0000
vn -0.5000 0.8660 -0.0000
vn -0.0009 0.8620 0.5069
vn -0.0000 0.8660 -0.5001
vn -0.0000 1.0000 -0.0001
vn -0.0000 0.5001 0.8660
vn -0.0000 0.8660 0.5000
vn -0.0000 1.0000 0.0001
vn -0.0000 0.5001 -0.8660
vn -0.0000 0.5000 0.8660
vn -0.0000 0.8660 0.5001
vn 0.0009 0.5061 0.8625
vn 0.0008 0.8619 0.5070
vn 0.0009 0.8620 0.5069
vn -0.0009 0.5061 0.8625
vn 0.8660 0.5000 -0.0000
vn 0.5000 0.8660 -0.0000
vn -0.8660 0.5001 -0.0000
vn -0.0001 1.0000 -0.0000
vn -0.8626 0.5060 -0.0009
vn -0.5069 0.8620 -0.0009
vn 0.8660 0.5001 -0.0000
vn 0.0001 1.0000 -0.0000
vn 0.0001 0.5000 -0.8660
vn -0.8660 0.5000 0.0001
vn 0.8660 0.5000 0.0001
vn -0.0001 0.5000 -0.8660
vn 0.8625 0.5061 -0.0009
vn 0.8626 0.5060 0.0009
vn 0.8625 0.5061 0.0009
vn 0.5070 0.8619 0.0008
vn -0.8625 0.5061 0.0009
vn -0.5070 0.8619 0.0008
vn -0.8625 0.5061 -0.0009
vn -0.0001 -0.0000 -1.0000
vn -1.0000 -0.0000 -0.0001
vn -0.0026 0.5051 0.8631
vn -0.0024 0.8614 0.5079
vn 0.0009 0.5061 -0.8625
vn 0.0001 0.5000 0.8661
vn -0.0001 0.8661 0.5000
vn -0.0009 0.5061 -0.8625
vn -0.0008 0.8619 -0.5070
vn -0.0009 0.8620 -0.5069
vn 0.0026 0.5051 0.8631
vn 0.0024 0.8614 0.5079
vn 1.0000 -0.0000 -0.0001
vn 0.0001 -0.0000 -1.0000
vn 0.8631 0.5051 -0.0026
vn 0.5079 0.8614 -0.0024
vn -0.5001 0.8660 -0.0000
vn 0.5001 0.8660 -0.0000
vn -0.8631 0.5051 -0.0026
vn -0.5079 0.8614 -0.0024
vn -0.8660 0.5000 -0.0001
vn -0.0000 0.5131 -0.8583
vn -0.0000 0.8583 -0.5131
vn 0.8661 0.5000 -0.0001
vn 0.5000 0.8661 0.0001
vn -0.8661 0.5000 0.0001
vn -0.5000 0.8661 -0.0001
vn -0.0000 0.5131 0.8583
vn -0.0000 0.8583 0.5131
vn 0.0009 0.8620 -0.5069
vn 0.8631 0.5051 0.0026
vn 0.5079 0.8614 0.0024
vn -0.8631 0.5051 0.0026
vn -0.5079 0.8614 0.0024
vn 0.8627 0.5058 -0.0013
vn 0.5073 0.8618 -0.0013
vn -0.8627 0.5058 -0.0013
vn -0.5073 0.8618 -0.0013
vn -0.5072 0.8618 -0.0013
vn -0.0001 -0.0000 1.0000
vn -1.0000 -0.0000 0.0001
vn -0.0026 0.5051 -0.8631
vn -0.0024 0.8614 -0.5079
vn -0.0001 0.5000 -0.8661
vn 0.0001 0.8661 -0.5000
vn 0.0026 0.5051 -0.8631
vn 0.0024 0.8614 -0.5079
vn 0.0001 -0.0000 1.0000
vn 1.0000 -0.0000 0.0001
vn 0.0001 0.5000 0.8660
vn -0.0001 1.0000 -0.0001
vn -0.5000 0.8660 0.0001
vn -0.0001 0.5000 0.8660
vn 0.8660 0.5000 -0.0001
vn 0.8579 -0.0000 0.5137
vn -0.0001 0.0001 -1.0000
vn -1.0000 -0.0001 -0.0001
vn -0.5137 -0.0000 0.8579
vn 0.5137 -0.0000 0.8579
vn -0.0001 -0.0001 1.0000
vn -1.0000 0.0001 0.0001
vn 0.5137 -0.0000 -0.8579
vn 0.0001 -0.0001 -1.0000
vn 1.0000 0.0001 -0.0001
vn 1.0000 -0.0001 0.0001
vn 0.0001 0.0001 1.0000
vn -0.5137 -0.0000 -0.8579
vn -0.0001 -0.0001 -1.0000
s 0
usemtl maze-white
f 5//1 8//2 10//3 9//4
f 8//5 12//6 13//7 10//8
f 6//9 11//10 13//11 12//6
f 11//10 15//12 16//13 13//7
f 7//14 14//15 16//16 15//17
f 14//18 9//19 10//20 16//21
f 10//20 13//22 16//21
f 21//23 24//24 26//25 25//26
f 24//27 28//28 29//29 26//30
f 22//31 27//32 29//33 28//34
f 27//35 31//36 32//37 29//38
f 23//14 30//39 32//40 31//36
f 30//39 25//26 26//41 32//42
f 26//43 29//44 32//45
f 73//1 76//46 78//47 77//48
f 76//49 80//50 81//51 78//52
f 74//14 79//53 81//54 80//55
f 79//56 83//57 84//58 81//51
f 75//23 82//59 84//60 83//61
f 82//59 77//62 78//52 84//60
f 78//52 81//51 84//63
f 89//1 92//2 94//8 93//64
f 92//5 96//6 97//7 94//8
f 90//9 95//10 97//11 96//6
f 95//10 99//65 100//21 97//7
f 91//14 98//66 100//16 99//17
f 98//67 93//68 94//69 100//21
f 94//20 97//7 100//21
f 145//70 148//71 150//47 149//48
f 148//71 152//50 153//72 150//52
f 146//14 151//53 153//54 152//73
f 151//56 155//57 156//63 153//54
f 147//23 154//59 156//74 155//75
f 154//76 149//48 150//52 156//60
f 150//52 153//51 156//63
f 165//9 168//77 170//78 169//79
f 168//77 172//80 173//81 170//82
f 166//14 171//36 173//83 172//80
f 171//36 175//32 176//84 173//85
f 167//31 174//86 176//87 175//32
f 174//86 169//88 170//89 176//90
f 170//91 173//92 176//93
f 213//1 216//2 218//3 217//64
f 216//5 220//94 221//7 218//8
f 214//95 219//96 221//11 220//6
f 219//97 223//98 224//13 221//7
f 215//14 222//99 224//16 223//100
f 222//18 217//68 218//20 224//21
f 218//20 221//7 224//21
f 229//23 232//24 234//25 233//26
f 232//27 236//28 237//29 234//30
f 230//31 235//32 237//101 236//34
f 235//32 239//36 240//37 237//102
f 231//14 238//39 240//40 239//36
f 238//39 233//26 234//41 240//42
f 234//43 237//44 240//45
f 257//1 260//103 262//104 261//105
f 260//106 264//107 265//108 262//109
f 258//14 263//80 265//110 264//111
f 263//80 267//112 268//113 265//114
f 259//9 266//115 268//116 267//117
f 266//118 261//119 262//120 268//121
f 262//122 265//123 268//124
f 269//9 272//77 274//78 273//79
f 272//77 276//125 277//81 274//82
f 270//14 275//36 277//83 276//126
f 275//127 279//128 280//84 277//85
f 271//31 278//129 280//87 279//32
f 278//86 273//88 274//89 280//90
f 274//91 277//92 280//93
f 289//23 292//26 294//130 293//131
f 292//26 296//132 297//133 294//134
f 290//14 295//111 297//135 296//136
f 295//111 299//137 300//138 297//139
f 291//1 298//140 300//141 299//103
f 298//142 293//143 294//144 300//145
f 294//144 297//146 300//147
f 309//23 312//27 314//148 313//149
f 312//27 316//150 317//29 314//30
f 310//31 315//32 317//101 316//34
f 315//32 319//151 320//37 317//38
f 311//14 318//136 320//40 319//36
f 318//39 313//152 314//41 320//42
f 314//43 317//44 320//45
f 329//1 332//46 334//47 333//48
f 332//71 336//153 337//72 334//52
f 330//14 335//154 337//54 336//50
f 335//155 339//156 340//63 337//51
f 331//23 338//59 340//74 339//75
f 338//76 333//62 334//52 340//60
f 334//52 337//51 340//63
f 349//9 352//77 354//157 353//79
f 352//77 356//80 357//81 354//91
f 350//14 355//36 357//83 356//80
f 355//127 359//32 360//84 357//85
f 351//31 358//129 360//87 359//32
f 358//86 353//88 354//89 360//90
f 354//91 357//92 360//93
f 385//23 388//158 390//159 389//160
f 388//161 392//162 393//163 390//164
f 386//14 391//165 393//166 392//167
f 391//168 395//169 396//170 393//163
f 387//31 394//171 396//172 395//173
f 394//174 389//175 390//176 396//177
f 390//176 393//163 396//172
f 397//9 400//178 402//179 401//180
f 400//178 404//181 405//182 402//179
f 398//31 403//183 405//184 404//185
f 403//186 407//187 408//188 405//189
f 399//14 406//190 408//191 407//192
f 406//193 401//194 402//195 408//188
f 402//195 405//182 408//188
f 445//1 448//2 450//8 449//196
f 448//2 452//94 453//7 450//8
f 446//9 451//197 453//11 452//6
f 451//198 455//199 456//21 453//200
f 447//14 454//201 456//16 455//199
f 454//201 449//202 450//69 456//21
f 450//20 453//7 456//21
f 461//23 464//24 466//25 465//26
f 464//27 468//150 469//29 466//30
f 462//31 467//32 469//101 468//34
f 467//32 471//36 472//37 469//38
f 463//14 470//39 472//40 471//36
f 470//39 465//26 466//41 472//42
f 466//203 469//44 472//45
f 497//1 500//204 502//47 501//48
f 500//205 504//206 505//51 502//207
f 498//14 503//208 505//54 504//206
f 503//208 507//209 508//58 505//51
f 499//23 506//59 508//60 507//210
f 506//76 501//62 502//52 508//60
f 502//52 505//51 508//63
f 517//9 520//77 522//157 521//79
f 520//211 524//80 525//81 522//82
f 518//14 523//36 525//83 524//80
f 523//36 527//32 528//84 525//85
f 519//31 526//129 528//212 527//32
f 526//86 521//88 522//89 528//90
f 522//213 525//92 528//214
f 577//23 580//26 582//130 581//131
f 580//26 584//132 585//133 582//134
f 578//14 583//215 585//216 584//39
f 583//111 587//137 588//138 585//139
f 579//1 586//140 588//217 587//218
f 586//142 581//143 582//144 588//145
f 582//219 585//146 588//147
f 589//1 592//218 594//104 593//105
f 592//103 596//107 597//108 594//109
f 590//14 595//80 597//220 596//215
f 595//221 599//112 600//113 597//114
f 591//9 598//115 600//222 599//77
f 598//118 593//119 594//120 600//121
f 594//122 597//223 600//124
f 621//95 624//178 626//224 625//180
f 624//178 628//181 629//182 626//179
f 622//31 627//225 629//184 628//185
f 627//225 631//226 632//188 629//189
f 623//14 630//227 632//191 631//226
f 630//193 625//194 626//195 632//188
f 626//228 629//182 632//188
f 633//23 636//158 638//159 637//160
f 636//161 640//162 641//163 638//164
f 634//14 639//226 641//166 640//167
f 639//226 643//225 644//170 641//163
f 635//31 642//171 644//177 643//225
f 642//171 637//175 638//176 644//177
f 638//176 641//163 644//172
f 657//23 660//158 662//159 661//160
f 660//161 664//229 665//163 662//164
f 658//14 663//165 665//166 664//167
f 663//230 667//231 668//170 665//163
f 659//31 666//171 668//177 667//232
f 666//171 661//175 662//176 668//172
f 662//233 665//163 668//172
f 681//23 684//26 686//130 685//131
f 684//26 688//39 689//133 686//134
f 682//14 687//111 689//216 688//39
f 687//111 691//103 692//138 689//139
f 683//1 690//140 692//217 691//103
f 690//142 685//143 686//144 692//145
f 686//219 689//234 692//147
f 697//1 700//46 702//47 701//48
f 700//71 704//50 705//51 702//207
f 698//14 703//53 705//54 704//55
f 703//155 707//156 708//63 705//51
f 699//23 706//59 708//60 707//75
f 706//76 701//62 702//52 708//60
f 702//52 705//51 708//63
f 725//1 728//2 730//3 729//235
f 728//2 732//94 733//7 730//8
f 726//9 731//96 733//11 732//6
f 731//97 735//100 736//21 733//236
f 727//14 734//237 736//16 735//238
f 734//237 729//235 730//69 736//21
f 730//20 733//7 736//21
f 741//23 744//24 746//25 745//26
f 744//27 748//150 749//29 746//30
f 742//31 747//32 749//101 748//34
f 747//35 751//36 752//37 749//38
f 743//14 750//39 752//239 751//36
f 750//39 745//152 746//41 752//42
f 746//43 749//29 752//240
f 753//1 756//235 758//47 757//48
f 756//235 760//241 761//51 758//52
f 754//14 759//242 761//54 760//237
f 759//155 763//156 764//63 761//51
f 755//23 762//59 764//60 763//75
f 762//76 757//48 758//52 764//60
f 758//52 761//51 764//63
f 773//9 776//178 778//179 777//180
f 776//243 780//185 781//182 778//179
f 774//244 779//186 781//184 780//185
f 779//245 783//246 784//188 781//247
f 775//14 782//227 784//191 783//248
f 782//249 777//194 778//250 784//188
f 778//195 781//182 784//188
f 821//1 824//2 826//8 825//235
f 824//2 828//94 829//7 826//8
f 822//9 827//251 829//11 828//6
f 827//252 831//253 832//21 829//200
f 823//14 830//237 832//16 831//253
f 830//237 825//235 826//69 832//21
f 826//20 829//7 832//21
f 833//1 836//254 838//47 837//48
f 836//235 840//237 841//51 838//207
f 834//14 839//255 841//54 840//237
f 839//255 843//256 844//63 841//51
f 835//23 842//59 844//60 843//256
f 842//76 837//62 838//52 844//60
f 838//52 841//51 844//63
f 853//9 856//77 858//157 857//79
f 856//77 860//125 861//81 858//82
f 854//14 859//36 861//83 860//80
f 859//36 863//32 864//84 861//85
f 855//31 862//129 864//87 863//32
f 862//86 857//88 858//89 864//90
f 858//213 861//92 864//93
f 869//9 872//178 874//179 873//257
f 872//243 876//181 877//182 874//179
f 870//31 875//258 877//184 876//185
f 875//259 879//260 880//188 877//189
f 871//14 878//261 880//191 879//260
f 878//261 873//262 874//250 880//188
f 874//195 877//182 880//188
f 881//23 884//263 886//159 885//160
f 884//264 888//265 889//163 886//164
f 882//14 887//266 889//166 888//265
f 887//266 891//267 892//172 889//163
f 883//31 890//171 892//177 891//268
f 890//171 885//175 886//176 892//177
f 886//176 889//163 892//172
f 929//23 932//26 934//130 933//131
f 932//269 936//39 937//133 934//134
f 930//14 935//111 937//216 936//39
f 935//111 939//103 940//138 937//139
f 931//1 938//140 940//141 939//103
f 938//142 933//143 934//144 940//145
f 934//219 937//146 940//270
f 981//1 984//103 986//104 985//105
f 984//103 988//111 989//108 986//109
f 982//14 987//80 989//220 988//111
f 987//80 991//77 992//113 989//114
f 983//9 990//115 992//222 991//77
f 990//118 985//119 986//120 992//121
f 986//122 989//223 992//271
f 1021//9 1024//178 1026//224 1025//180
f 1024//243 1028//181 1029//182 1026//179
f 1022//31 1027//183 1029//184 1028//185
f 1027//186 1031//272 1032//273 1029//182
f 1023//14 1030//227 1032//191 1031//187
f 1030//193 1025//194 1026//195 1032//188
f 1026//195 1029//182 1032//188
f 1033//274 1036//158 1038//159 1037//160
f 1036//275 1040//276 1041//277 1038//176
f 1034//14 1039//278 1041//166 1040//162
f 1039//230 1043//169 1044//172 1041//163
f 1035//31 1042//171 1044//279 1043//173
f 1042//174 1037//175 1038//176 1044//177
f 1038//176 1041//163 1044//172
f 1065//23 1068//26 1070//130 1069//131
f 1068//26 1072//39 1073//133 1070//280
f 1066//14 1071//111 1073//216 1072//39
f 1071//281 1075//103 1076//138 1073//139
f 1067//1 1074//140 1076//217 1075//103
f 1074//142 1069//143 1070//144 1076//145
f 1070//280 1073//146 1076//147
f 1097//1 1100//103 1102//104 1101//105
f 1100//103 1104//107 1105//108 1102//109
f 1098//14 1103//126 1105//220 1104//111
f 1103//80 1107//112 1108//113 1105//114
f 1099//9 1106//118 1108//116 1107//117
f 1106//118 1101//119 1102//120 1108//121
f 1102//122 1105//223 1108//124
f 1109//9 1112//77 1114//157 1113//79
f 1112//77 1116//125 1117//81 1114//82
f 1110//14 1115//36 1117//282 1116//126
f 1115//36 1119//128 1120//84 1117//85
f 1111//31 1118//129 1120//212 1119//32
f 1118//86 1113//88 1114//89 1120//90
f 1114//89 1117//92 1120//93
f 1129//9 1132//77 1134//157 1133//79
f 1132//77 1136//80 1137//81 1134//82
f 1130//14 1135//283 1137//83 1136//80
f 1135//36 1139//128 1140//84 1137//85
f 1131//31 1138//129 1140//87 1139//284
f 1138//86 1133//88 1134//89 1140//90
f 1134//89 1137//92 1140//93
f 1141//23 1144//27 1146//25 1145//26
f 1144//27 1148//150 1149//29 1146//30
f 1142//31 1147//284 1149//101 1148//34
f 1147//32 1151//151 1152//37 1149//38
f 1143//14 1150//39 1152//40 1151//283
f 1150//285 1145//26 1146//41 1152//42
f 1146//43 1149//44 1152//240
f 1153//23 1156//26 1158//286 1157//131
f 1156//26 1160//132 1161//133 1158//134
f 1154//14 1159//111 1161//216 1160//136
f 1159//281 1163//137 1164//138 1161//139
f 1155//1 1162//140 1164//217 1163//103
f 1162//142 1157//143 1158//144 1164//145
f 1158//280 1161//146 1164//147
f 1173//23 1176//24 1178//148 1177//149
f 1176//27 1180//150 1181//29 1178//30
f 1174//31 1179//32 1181//101 1180//34
f 1179//35 1183//151 1184//37 1181//38
f 1175//14 1182//39 1184//239 1183//36
f 1182//39 1177//152 1178//41 1184//42
f 1178//43 1181//44 1184//240
f 1197//1 1200//103 1202//104 1201//105
f 1200//103 1204//111 1205//108 1202//287
f 1198//14 1203//80 1205//220 1204//111
f 1203//80 1207//77 1208//113 1205//114
f 1199//9 1206//115 1208//222 1207//77
f 1206//118 1201//288 1202//120 1208//121
f 1202//122 1205//223 1208//124
f 1221//9 1224//178 1226//224 1225//180
f 1224//243 1228//185 1229//182 1226//179
f 1222//244 1227//245 1229//184 1228//185
f 1227//186 1231//187 1232//273 1229//182
f 1223//14 1230//249 1232//191 1231//248
f 1230//289 1225//290 1226//195 1232//191
f 1226//195 1229//182 1232//188
f 1233//23 1236//161 1238//159 1237//160
f 1236//161 1240//291 1241//163 1238//176
f 1234//14 1239//292 1241//166 1240//229
f 1239//168 1243//169 1244//170 1241//163
f 1235//31 1242//171 1244//177 1243//173
f 1242//174 1237//160 1238//176 1244//177
f 1238//176 1241//163 1244//172
f 1245//9 1248//178 1250//179 1249//293
f 1248//178 1252//181 1253//182 1250//179
f 1246//31 1251//183 1253//184 1252//185
f 1251//245 1255//187 1256//188 1253//182
f 1247//14 1254//249 1256//191 1255//192
f 1254//289 1249//290 1250//250 1256//188
f 1250//195 1253//182 1256//188
f 1257//23 1260//161 1262//159 1261//160
f 1260//161 1264//294 1265//277 1262//176
f 1258//14 1263//165 1265//166 1264//229
f 1263//230 1267//231 1268//172 1265//163
f 1259//31 1266//171 1268//295 1267//232
f 1266//174 1261//296 1262//176 1268//177
f 1262//233 1265//163 1268//172
f 1273//23 1276//26 1278//286 1277//131
f 1276//26 1280//39 1281//133 1278//134
f 1274//14 1279//111 1281//216 1280//39
f 1279//111 1283//103 1284//138 1281//139
f 1275//1 1282//142 1284//217 1283//103
f 1282//142 1277//143 1278//144 1284//145
f 1278//280 1281//146 1284//147
f 1381//1 1384//103 1386//297 1385//105
f 1384//106 1388//111 1389//108 1386//109
f 1382//14 1387//80 1389//220 1388//111
f 1387//80 1391//77 1392//113 1389//114
f 1383//9 1390//115 1392//222 1391//77
f 1390//118 1385//288 1386//120 1392//121
f 1386//122 1389//223 1392//124
f 1397//298 1400//299 1402//300 1401//2
f 1400//301 1404//302 1405//303 1402//304
f 1398//305 1403//306 1405//307 1404//308
f 1403//309 1407//310 1408//311 1405//303
f 1399//9 1406//6 1408//312 1407//313
f 1406//94 1401//5 1402//314 1408//312
f 1402//314 1405//303 1408//315
f 1413//31 1416//34 1418//316 1417//317
f 1416//318 1420//319 1421//320 1418//321
f 1414//23 1419//322 1421//323 1420//24
f 1419//322 1423//324 1424//325 1421//326
f 1415//305 1422//327 1424//328 1423//324
f 1422//327 1417//329 1418//330 1424//331
f 1418//332 1421//333 1424//334
f 1465//1 1468//48 1470//335 1469//336
f 1468//62 1472//76 1473//337 1470//335
f 1466//23 1471//338 1473//339 1472//59
f 1471//338 1475//340 1476//341 1473//342
f 1467//305 1474//343 1476//344 1475//345
f 1474//346 1469//347 1470//348 1476//341
f 1470//348 1473//337 1476//341
f 1481//1 1484//349 1486//300 1485//2
f 1484//299 1488//350 1489//303 1486//304
f 1482//305 1487//306 1489//307 1488//351
f 1487//309 1491//310 1492//352 1489//303
f 1483//9 1490//6 1492//353 1491//313
f 1490//6 1485//5 1486//314 1492//312
f 1486//314 1489//303 1492//311
f 1537//1 1540//48 1542//335 1541//354
f 1540//62 1544//76 1545//337 1542//335
f 1538//23 1543//338 1545//339 1544//59
f 1543//355 1547//340 1548//341 1545//342
f 1539//305 1546//356 1548//344 1547//345
f 1546//357 1541//358 1542//348 1548//341
f 1542//335 1545//337 1548//359
f 1557//9 1560//79 1562//360 1561//361
f 1560//362 1564//363 1565//364 1562//365
f 1558//31 1563//317 1565//366 1564//129
f 1563//329 1567//327 1568//367 1565//368
f 1559//305 1566//369 1568//370 1567//327
f 1566//369 1561//361 1562//371 1568//372
f 1562//373 1565//374 1568//375
f 1605//298 1608//349 1610//300 1609//2
f 1608//376 1612//377 1613//378 1610//314
f 1606//305 1611//379 1613//307 1612//351
f 1611//380 1615//381 1616//311 1613//303
f 1607//9 1614//6 1616//353 1615//382
f 1614//94 1609//5 1610//314 1616//312
f 1610//314 1613//303 1616//315
f 1621//31 1624//34 1626//316 1625//317
f 1624//318 1628//319 1629//320 1626//321
f 1622//23 1627//383 1629//323 1628//24
f 1627//322 1631//324 1632//325 1629//333
f 1623//305 1630//327 1632//328 1631//324
f 1630//384 1625//317 1626//330 1632//331
f 1626//332 1629//333 1632//334
f 1649//1 1652//105 1654//385 1653//386
f 1652//387 1656//388 1657//389 1654//390
f 1650//9 1655//361 1657//391 1656//115
f 1655//361 1659//392 1660//393 1657//394
f 1651//305 1658//395 1660//396 1659//397
f 1658//395 1653//398 1654//399 1660//400
f 1654//401 1657//389 1660//402
f 1661//9 1664//362 1666//403 1665//404
f 1664//362 1668//405 1669//364 1666//365
f 1662//31 1667//317 1669//366 1668//129
f 1667//317 1671//406 1672//367 1669//368
f 1663//305 1670//397 1672//370 1671//327
f 1670//369 1665//407 1666//371 1672//372
f 1666//373 1669//374 1672//375
f 1681//1 1684//386 1686//408 1685//140
f 1684//409 1688//410 1689//411 1686//412
f 1682//305 1687//324 1689//413 1688//395
f 1687//324 1691//414 1692//415 1689//416
f 1683//23 1690//417 1692//418 1691//419
f 1690//417 1685//420 1686//421 1692//422
f 1686//423 1689//424 1692//425
f 1701//31 1704//34 1706//316 1705//317
f 1704//318 1708//319 1709//320 1706//321
f 1702//23 1707//322 1709//426 1708//24
f 1707//322 1711//427 1712//325 1709//326
f 1703//305 1710//327 1712//428 1711//429
f 1710//384 1705//430 1706//330 1712//331
f 1706//332 1709//333 1712//334
f 1721//1 1724//48 1726//431 1725//336
f 1724//62 1728//76 1729//337 1726//335
f 1722//432 1727//433 1729//339 1728//59
f 1727//338 1731//434 1732//435 1729//337
f 1723//305 1730//343 1732//344 1731//436
f 1730//346 1725//347 1726//348 1732//341
f 1726//335 1729//337 1732//359
f 1741//9 1744//79 1746//360 1745//361
f 1744//362 1748//405 1749//364 1746//365
f 1742//31 1747//317 1749//366 1748//129
f 1747//317 1751//327 1752//367 1749//374
f 1743//305 1750//369 1752//370 1751//327
f 1750//369 1745//361 1746//371 1752//372
f 1746//373 1749//374 1752//375
f 1777//23 1780//160 1782//437 1781//438
f 1780//160 1784//174 1785//439 1782//437
f 1778//31 1783//440 1785//441 1784//171
f 1783//442 1787//443 1788//444 1785//445
f 1779//305 1786//446 1788//447 1787//448
f 1786//449 1781//450 1782//451 1788//444
f 1782//451 1785//439 1788//444
f 1789//9 1792//452 1794//453 1793//178
f 1792//454 1796//455 1797//456 1794//457
f 1790//305 1795//458 1797//459 1796//460
f 1795//461 1799//462 1800//463 1797//456
f 1791//31 1798//185 1800//464 1799//465
f 1798//181 1793//243 1794//466 1800//464
f 1794//466 1797//456 1800//467
f 1837//1 1840//468 1842//300 1841//2
f 1840//469 1844//470 1845//303 1842//471
f 1838//305 1843//472 1845//307 1844//470
f 1843//472 1847//473 1848//311 1845//303
f 1839//9 1846//6 1848//312 1847//474
f 1846//94 1841//5 1842//314 1848//312
f 1842//314 1845//303 1848//311
f 1853//31 1856//34 1858//475 1857//317
f 1856//318 1860//319 1861//320 1858//321
f 1854//23 1859//322 1861//323 1860//24
f 1859//476 1863//324 1864//325 1861//326
f 1855//305 1862//327 1864//328 1863//324
f 1862//327 1857//317 1858//330 1864//331
f 1858//477 1861//320 1864//478
f 1889//1 1892//48 1894//335 1893//479
f 1892//62 1896//76 1897//337 1894//335
f 1890//23 1895//480 1897//339 1896//59
f 1895//481 1899//482 1900//341 1897//342
f 1891//305 1898//483 1900//344 1899//482
f 1898//483 1893//484 1894//348 1900//341
f 1894//348 1897//337 1900//341
f 1909//9 1912//79 1914//360 1913//361
f 1912//362 1916//405 1917//364 1914//365
f 1910//31 1915//317 1917//366 1916//129
f 1915//317 1919//327 1920//367 1917//368
f 1911//305 1918//369 1920//370 1919//327
f 1918//369 1913//361 1914//371 1920//372
f 1914//485 1917//486 1920//375
f 1969//1 1972//386 1974//408 1973//140
f 1972//386 1976//410 1977//411 1974//412
f 1970//305 1975//324 1977//487 1976//488
f 1975//324 1979//414 1980//415 1977//416
f 1971//23 1978//131 1980//489 1979//322
f 1978//417 1973//420 1974//421 1980//422
f 1974//423 1977//490 1980//491
f 1981//1 1984//387 1986//492 1985//493
f 1984//387 1988//388 1989//389 1986//390
f 1982//9 1987//494 1989//495 1988//115
f 1987//361 1991//392 1992//393 1989//394
f 1983//305 1990//395 1992//496 1991//369
f 1990//395 1985//398 1986//399 1992//400
f 1986//401 1989//497 1992//498
f 2013//499 2016//452 2018//453 2017//178
f 2016//454 2020//500 2021//501 2018//466
f 2014//305 2019//502 2021//459 2020//460
f 2019//502 2023//503 2024//504 2021//459
f 2015//31 2022//185 2024//464 2023//503
f 2022//181 2017//243 2018//466 2024//464
f 2018//466 2021//456 2024//463
f 2025//23 2028//160 2030//437 2029//438
f 2028//160 2032//174 2033//439 2030//437
f 2026//31 2031//503 2033//505 2032//171
f 2031//503 2035//502 2036//444 2033//445
f 2027//305 2034//446 2036//447 2035//502
f 2034//449 2029//450 2030//506 2036//444
f 2030//451 2033//439 2036//444
f 2049//23 2052//160 2054//437 2053//438
f 2052//160 2056//174 2057//439 2054//437
f 2050//31 2055//507 2057//505 2056//171
f 2055//442 2059//508 2060//444 2057//445
f 2051//305 2058//446 2060//447 2059//509
f 2058//510 2053//450 2054//506 2060//444
f 2054//451 2057//439 2060//444
f 2073//1 2076//386 2078//408 2077//140
f 2076//386 2080//395 2081//411 2078//412
f 2074//305 2079//324 2081//413 2080//395
f 2079//511 2083//322 2084//415 2081//416
f 2075//23 2082//131 2084//489 2083//322
f 2082//417 2077//420 2078//421 2084//422
f 2078//512 2081//490 2084//491
f 2089//1 2092//48 2094//335 2093//336
f 2092//62 2096//76 2097//337 2094//335
f 2090//23 2095//433 2097//339 2096//59
f 2095//338 2099//513 2100//341 2097//342
f 2091//305 2098//343 2100//344 2099//436
f 2098//346 2093//358 2094//348 2100//341
f 2094//348 2097//337 2100//341
f 2117//1 2120//514 2122//300 2121//2
f 2120//515 2124//516 2125//303 2122//517
f 2118//305 2123//518 2125//307 2124//516
f 2123//519 2127//381 2128//311 2125//303
f 2119//9 2126//6 2128//312 2127//382
f 2126//6 2121//5 2122//314 2128//312
f 2122//314 2125//303 2128//311
f 2133//31 2136//34 2138//316 2137//317
f 2136//318 2140//319 2141//320 2138//321
f 2134//23 2139//322 2141//426 2140//24
f 2139//322 2143//324 2144//325 2141//326
f 2135//305 2142//327 2144//328 2143//324
f 2142//327 2137//317 2138//330 2144//331
f 2138//477 2141//333 2144//325
f 2145//1 2148//48 2150//431 2149//514
f 2148//62 2152//76 2153//337 2150//335
f 2146//23 2151//433 2153//339 2152//59
f 2151//338 2155//434 2156//341 2153//342
f 2147//305 2154//516 2156//344 2155//436
f 2154//516 2149//514 2150//348 2156//341
f 2150//348 2153//337 2156//341
f 2165//9 2168//452 2170//453 2169//178
f 2168//454 2172//500 2173//501 2170//520
f 2166//305 2171//521 2173//459 2172//460
f 2171//521 2175//462 2176//504 2173//456
f 2167//31 2174//185 2176//522 2175//523
f 2174//181 2169//243 2170//466 2176//464
f 2170//466 2173//456 2176//463
f 2213//1 2216//514 2218//300 2217//2
f 2216//514 2220//524 2221//303 2218//314
f 2214//305 2219//525 2221//307 2220//516
f 2219//525 2223//526 2224//311 2221//303
f 2215//9 2222//6 2224//312 2223//526
f 2222//94 2217//5 2218//314 2224//312
f 2218//314 2221//303 2224//311
f 2225//1 2228//48 2230//335 2229//514
f 2228//48 2232//76 2233//337 2230//335
f 2226//23 2231//527 2233//339 2232//59
f 2231//527 2235//528 2236//435 2233//529
f 2227//305 2234//516 2236//341 2235//528
f 2234//516 2229//514 2230//530 2236//344
f 2230//348 2233//337 2236//341
f 2245//9 2248//79 2250//360 2249//361
f 2248//362 2252//405 2253//364 2250//365
f 2246//31 2251//317 2253//366 2252//129
f 2251//317 2255//327 2256//367 2253//368
f 2247//305 2254//369 2256//370 2255//327
f 2254//369 2249//407 2250//371 2256//372
f 2250//485 2253//486 2256//375
f 2261//9 2264//531 2266//453 2265//178
f 2264//532 2268//533 2269//456 2266//520
f 2262//305 2267//534 2269//459 2268//533
f 2267//534 2271//535 2272//463 2269//456
f 2263//31 2270//185 2272//464 2271//536
f 2270//181 2265//243 2266//466 2272//464
f 2266//466 2269//456 2272//463
f 2273//23 2276//160 2278//437 2277//537
f 2276//175 2280//174 2281//439 2278//437
f 2274//31 2279//538 2281//505 2280//171
f 2279//539 2283//540 2284//444 2281//445
f 2275//305 2282//541 2284//447 2283//540
f 2282//541 2277//542 2278//451 2284//444
f 2278//451 2281//439 2284//444
f 2321//1 2324//386 2326//408 2325//140
f 2324//386 2328//395 2329//411 2326//412
f 2322//305 2327//324 2329//487 2328//395
f 2327//324 2331//322 2332//415 2329//416
f 2323//23 2330//131 2332//489 2331//322
f 2330//417 2325//420 2326//421 2332//422
f 2326//423 2329//490 2332//491
f 2373//1 2376//105 2378//385 2377//386
f 2376//387 2380//388 2381//389 2378//390
f 2374//9 2379//361 2381//495 2380//115
f 2379//543 2383//369 2384//393 2381//394
f 2375//305 2382//395 2384//496 2383//369
f 2382//395 2377//386 2378//399 2384//400
f 2378//544 2381//389 2384//402
f 2413//499 2416//452 2418//453 2417//178
f 2416//454 2420//455 2421//501 2418//466
f 2414//305 2419//458 2421//459 2420//460
f 2419//545 2423//462 2424//463 2421//456
f 2415//31 2422//185 2424//522 2423//465
f 2422//181 2417//243 2418//466 2424//464
f 2418//466 2421//456 2424//463
f 2425//23 2428//160 2430//546 2429//438
f 2428//175 2432//174 2433//439 2430//437
f 2426//547 2431//440 2433//505 2432//171
f 2431//507 2435//508 2436//548 2433//549
f 2427//305 2434//550 2436//447 2435//448
f 2434//449 2429//450 2430//451 2436//444
f 2430//451 2433//439 2436//444
f 2457//1 2460//386 2462//408 2461//140
f 2460//386 2464//395 2465//411 2462//512
f 2458//305 2463//324 2465//487 2464//395
f 2463//324 2467//322 2468//415 2465//416
f 2459//23 2466//131 2468//489 2467//322
f 2466//417 2461//420 2462//421 2468//422
f 2462//512 2465//490 2468//425
f 2489//1 2492//105 2494//492 2493//386
f 2492//387 2496//388 2497//389 2494//390
f 2490//9 2495//361 2497//391 2496//115
f 2495//361 2499//392 2500//393 2497//394
f 2491//305 2498//395 2500//396 2499//397
f 2498//551 2493//398 2494//399 2500//400
f 2494//401 2497//497 2500//498
f 2501//9 2504//362 2506//403 2505//404
f 2504//362 2508//405 2509//364 2506//365
f 2502//31 2507//317 2509//366 2508//129
f 2507//329 2511//406 2512//367 2509//368
f 2503//305 2510//369 2512//552 2511//327
f 2510//369 2505//407 2506//371 2512//372
f 2506//373 2509//486 2512//553
f 2521//9 2524//79 2526//360 2525//361
f 2524//362 2528//405 2529//364 2526//365
f 2522//31 2527//554 2529//366 2528//129
f 2527//317 2531//406 2532//367 2529//368
f 2523//305 2530//369 2532//370 2531//555
f 2530//556 2525//361 2526//371 2532//372
f 2526//373 2529//486 2532//553
f 2533//31 2536//34 2538//316 2537//554
f 2536//318 2540//319 2541//320 2538//321
f 2534//23 2539//322 2541//323 2540//24
f 2539//322 2543//324 2544//325 2541//326
f 2535//305 2542//555 2544//328 2543//324
f 2542//327 2537//430 2538//330 2544//331
f 2538//332 2541//320 2544//478
f 2545//1 2548//386 2550//408 2549//140
f 2548//386 2552//410 2553//411 2550//412
f 2546//305 2551//429 2553//487 2552//395
f 2551//324 2555//414 2556//415 2553//416
f 2547//23 2554//417 2556//418 2555//419
f 2554//417 2549//420 2550//421 2556//422
f 2550//512 2553//490 2556//425
f 2565//31 2568//34 2570//475 2569//317
f 2568//318 2572//319 2573//320 2570//321
f 2566//23 2571//322 2573//426 2572//24
f 2571//322 2575//427 2576//325 2573//326
f 2567//305 2574//327 2576//428 2575//429
f 2574//327 2569//430 2570//330 2576//331
f 2570//332 2573//320 2576//478
f 2589//1 2592//105 2594//492 2593//386
f 2592//387 2596//388 2597//389 2594//390
f 2590//9 2595//494 2597//495 2596//115
f 2595//361 2599//369 2600//393 2597//497
f 2591//305 2598//395 2600//496 2599//369
f 2598//551 2593//386 2594//399 2600//400
f 2594//401 2597//497 2600//498
f 2613//9 2616//454 2618//453 2617//178
f 2616//557 2620//558 2621//456 2618//520
f 2614//305 2619//521 2621//459 2620//559
f 2619//545 2623//560 2624//463 2621//456
f 2615//31 2622//185 2624//464 2623//523
f 2622//181 2617//243 2618//466 2624//464
f 2618//466 2621//561 2624//464
f 2625//23 2628//160 2630//546 2629//562
f 2628//160 2632//174 2633//439 2630//437
f 2626//31 2631//440 2633//505 2632//171
f 2631//442 2635//563 2636//444 2633//439
f 2627//305 2634//510 2636//447 2635//448
f 2634//564 2629//565 2630//506 2636//444
f 2630//451 2633//441 2636//444
f 2637//9 2640//454 2642//453 2641//178
f 2640//454 2644//558 2645//456 2642//520
f 2638//305 2643//458 2645//459 2644//559
f 2643//461 2647//462 2648//463 2645//456
f 2639//31 2646//185 2648//464 2647//465
f 2646//181 2641//243 2642//466 2648//464
f 2642//466 2645//456 2648//566
f 2649//23 2652//160 2654//437 2653//562
f 2652//175 2656//174 2657//439 2654//437
f 2650//547 2655//442 2657//505 2656//171
f 2655//567 2659//508 2660//444 2657//441
f 2651//305 2658//510 2660//447 2659//509
f 2658//564 2653//565 2654//451 2660//444
f 2654//437 2657//439 2660//444
f 2665//1 2668//386 2670//408 2669//140
f 2668//409 2672//395 2673//411 2670//412
f 2666//305 2671//324 2673//487 2672//395
f 2671//324 2675//322 2676//415 2673//416
f 2667//23 2674//131 2676//489 2675//322
f 2674//417 2669//568 2670//421 2676//422
f 2670//512 2673//490 2676//425
f 2773//1 2776//105 2778//492 2777//386
f 2776//387 2780//388 2781//389 2778//390
f 2774//9 2779//361 2781//495 2780//115
f 2779//361 2783//369 2784//393 2781//394
f 2775//305 2782//395 2784//496 2783//369
f 2782//395 2777//409 2778//399 2784//400
f 2778//401 2781//497 2784//498
f 23//14 1//569 3//39 30//39
f 30//570 3//570 4//571 25//572
f 25//26 4//26 2//23 21//23
f 18//14 23//573 31//36 20//36
f 20//574 31//574 27//575 19//576
f 19//32 27//32 22//31 17//31
f 7//14 33//14 35//66 14//66
f 14//18 35//18 36//4 9//4
f 9//19 36//19 34//1 5//298
f 38//569 18//577 20//127 40//578
f 40//579 20//580 19//575 39//575
f 39//35 19//581 17//547 37//547
f 33//582 41//583 43//281 35//281
f 35//584 43//584 44//585 36//585
f 36//106 44//106 42//298 34//298
f 46//569 38//577 40//127 48//127
f 48//574 40//574 39//586 47//586
f 47//32 39//32 37//31 45//31
f 41//582 49//583 51//281 43//587
f 43//584 51//584 52//588 44//588
f 44//106 52//106 50//298 42//298
f 54//569 46//577 48//127 56//578
f 56//574 48//574 47//575 55//575
f 55//32 47//32 45//31 53//31
f 49//582 57//582 59//281 51//281
f 51//589 59//589 60//588 52//588
f 52//103 60//103 58//298 50//298
f 62//569 54//569 56//127 64//127
f 64//574 56//574 55//586 63//586
f 63//32 55//32 53//31 61//31
f 57//582 65//582 67//281 59//281
f 59//584 67//584 68//585 60//585
f 60//103 68//103 66//1 58//1
f 70//569 62//569 64//127 72//127
f 72//574 64//574 63//586 71//586
f 71//32 63//32 61//31 69//31
f 65//582 74//582 80//55 67//55
f 67//590 80//590 76//591 68//71
f 68//49 76//49 73//1 66//1
f 86//569 70//577 72//127 88//578
f 88//574 72//574 71//586 87//586
f 87//32 71//32 69//31 85//31
f 102//569 86//577 88//36 104//151
f 104//574 88//574 87//586 103//586
f 103//32 87//32 85//31 101//31
f 91//582 105//582 107//66 98//99
f 98//592 107//592 108//593 93//593
f 93//68 108//68 106//1 89//1
f 110//569 102//577 104//127 112//578
f 112//574 104//574 103//586 111//586
f 111//32 103//32 101//31 109//31
f 105//582 113//582 115//281 107//281
f 107//584 115//584 116//585 108//585
f 108//103 116//103 114//1 106//1
f 118//569 110//569 112//127 120//127
f 120//574 112//574 111//586 119//586
f 119//32 111//32 109//31 117//31
f 113//582 121//582 123//281 115//281
f 115//589 123//589 124//588 116//588
f 116//103 124//103 122//298 114//298
f 126//569 118//569 120//127 128//127
f 128//574 120//574 119//586 127//586
f 127//32 119//32 117//31 125//31
f 121//582 129//583 131//281 123//587
f 123//584 131//584 132//588 124//588
f 124//106 132//106 130//298 122//298
f 134//569 126//577 128//127 136//578
f 136//574 128//574 127//575 135//575
f 135//32 127//32 125//31 133//31
f 129//582 137//583 139//281 131//281
f 131//584 139//584 140//585 132//585
f 132//106 140//106 138//298 130//298
f 142//569 134//577 136//127 144//127
f 144//574 136//574 135//586 143//586
f 143//32 135//32 133//31 141//31
f 137//14 146//14 152//153 139//153
f 139//594 152//594 148//71 140//71
f 140//595 148//595 145//298 138//1
f 158//569 142//577 144//127 160//578
f 160//579 144//580 143//575 159//575
f 159//35 143//581 141//547 157//547
f 162//14 166//569 172//80 164//80
f 164//596 172//596 168//597 163//598
f 163//77 168//77 165//9 161//9
f 166//14 158//599 160//36 171//36
f 171//574 160//574 159//575 175//600
f 175//32 159//32 157//31 167//31
f 1//573 177//601 179//285 3//602
f 3//570 179//603 180//604 4//604
f 4//26 180//152 178//432 2//432
f 182//14 7//14 15//98 184//98
f 184//65 15//65 11//10 183//10
f 183//97 11//605 6//499 181//9
f 74//14 185//14 187//242 79//242
f 79//56 187//56 188//61 83//61
f 83//57 188//156 186//23 75//432
f 190//14 91//14 99//98 192//98
f 192//65 99//65 95//10 191//10
f 191//97 95//605 90//499 189//9
f 146//14 193//14 195//242 151//242
f 151//56 195//56 196//61 155//61
f 155//57 196//156 194//23 147//432
f 198//599 162//606 164//221 200//607
f 200//596 164//608 163//609 199//609
f 199//77 163//112 161//499 197//499
f 177//573 201//601 203//285 179//285
f 179//570 203//570 204//571 180//571
f 180//26 204//26 202//432 178//432
f 206//599 182//606 184//221 208//221
f 208//596 184//596 183//597 207//597
f 207//77 183//77 181//499 205//499
f 231//14 209//14 211//39 238//39
f 238//570 211//570 212//571 233//571
f 233//26 212//26 210//23 229//23
f 226//14 231//14 239//36 228//36
f 228//574 239//610 235//575 227//575
f 227//32 235//32 230//31 225//31
f 215//582 241//582 243//66 222//99
f 222//592 243//592 244//4 217//593
f 217//68 244//611 242//1 213//1
f 246//569 226//577 228//127 248//578
f 248//574 228//574 227//575 247//575
f 247//32 227//32 225//31 245//31
f 241//582 249//583 251//281 243//587
f 243//584 251//612 252//588 244//588
f 244//103 252//103 250//298 242//298
f 254//569 246//569 248//127 256//127
f 256//574 248//574 247//575 255//575
f 255//32 247//32 245//547 253//547
f 249//14 258//14 264//111 251//111
f 251//584 264//584 260//588 252//588
f 252//103 260//103 257//1 250//1
f 258//599 270//599 276//126 263//126
f 263//80 276//80 272//77 267//77
f 267//117 272//117 269//499 259//499
f 270//14 254//14 256//36 275//36
f 275//574 256//613 255//575 279//575
f 279//32 255//32 253//31 271//31
f 185//573 281//573 283//285 187//602
f 187//570 283//570 284//571 188//572
f 188//269 284//269 282//432 186//432
f 286//599 190//599 192//221 288//607
f 288//596 192//596 191//597 287//614
f 287//211 191//211 189//499 285//499
f 311//573 290//573 296//136 318//136
f 318//39 296//39 292//26 313//26
f 313//149 292//149 289//432 309//432
f 290//14 301//14 303//111 295//111
f 295//584 303//584 304//588 299//588
f 299//103 304//103 302//1 291//1
f 306//14 311//14 319//36 308//36
f 308//574 319//610 315//575 307//575
f 307//32 315//32 310//31 305//31
f 301//582 321//583 323//281 303//587
f 303//584 323//612 324//588 304//588
f 304//103 324//103 322//298 302//298
f 326//569 306//569 308//127 328//127
f 328//574 308//574 307//575 327//575
f 327//32 307//32 305//547 325//547
f 321//582 330//582 336//55 323//153
f 323//590 336//590 332//591 324//71
f 324//49 332//49 329//1 322//1
f 342//569 326//577 328//127 344//578
f 344//574 328//574 327//575 343//575
f 343//32 327//32 325//31 341//31
f 346//14 350//14 356//80 348//80
f 348//596 356//608 352//597 347//597
f 347//77 352//77 349//9 345//9
f 350//14 342//14 344//36 355//36
f 355//574 344//574 343//575 359//575
f 359//32 343//32 341//31 351//31
f 193//573 361//601 363//285 195//285
f 195//570 363//570 364//571 196//571
f 196//26 364//26 362//432 194//432
f 366//599 198//606 200//221 368//221
f 368//596 200//596 199//597 367//597
f 367//77 199//77 197//499 365//499
f 201//573 369//601 371//285 203//602
f 203//570 371//570 372//571 204//571
f 204//26 372//26 370//432 202//432
f 374//599 206//606 208//221 376//607
f 376//596 208//596 207//597 375//597
f 375//77 207//77 205//499 373//499
f 209//573 377//601 379//285 211//602
f 211//570 379//570 380//571 212//571
f 212//26 380//26 378//432 210//432
f 382//599 215//599 223//238 384//98
f 384//12 223//12 219//615 383//10
f 383//97 219//97 214//9 381//9
f 281//573 386//573 392//167 283//167
f 283//294 392//294 388//616 284//161
f 284//275 388//275 385//23 282//23
f 399//599 286//599 288//190 406//227
f 406//617 288//617 287//293 401//618
f 401//194 287//194 285//9 397//9
f 330//573 409//573 411//242 335//154
f 335//619 411//619 412//61 339//620
f 339//156 412//621 410//23 331//23
f 414//599 346//606 348//221 416//607
f 416//596 348//596 347//597 415//597
f 415//77 347//77 345//499 413//499
f 361//573 417//601 419//285 363//602
f 363//570 419//570 420//571 364//571
f 364//26 420//26 418//432 362//432
f 422//599 366//606 368//221 424//607
f 424//596 368//596 367//597 423//597
f 423//77 367//77 365//499 421//499
f 369//573 425//573 427//285 371//285
f 371//570 427//570 428//571 372//571
f 372//26 428//26 426//432 370//432
f 430//599 374//599 376//221 432//221
f 432//596 376//596 375//597 431//597
f 431//77 375//77 373//499 429//499
f 377//573 433//573 435//285 379//285
f 379//570 435//570 436//571 380//571
f 380//26 436//26 434//432 378//432
f 438//599 382//606 384//221 440//607
f 440//596 384//608 383//597 439//597
f 439//77 383//77 381//499 437//499
f 463//14 441//14 443//39 470//39
f 470//570 443//570 444//571 465//571
f 465//26 444//26 442//23 461//23
f 458//14 463//14 471//36 460//36
f 460//574 471//574 467//575 459//575
f 459//32 467//32 462//31 457//31
f 447//14 473//14 475//201 454//201
f 454//622 475//622 476//623 449//623
f 449//202 476//202 474//1 445//298
f 478//569 458//569 460//127 480//127
f 480//579 460//579 459//575 479//575
f 479//575 459//575 457//547 477//547
f 473//582 481//582 483//281 475//281
f 475//584 483//584 484//588 476//624
f 476//106 484//625 482//298 474//298
f 386//569 478//569 480//292 391//278
f 391//626 480//230 479//232 395//627
f 395//169 479//169 477//31 387//31
f 481//582 485//583 487//281 483//281
f 483//584 487//584 488//588 484//588
f 484//106 488//625 486//298 482//298
f 485//582 489//582 491//281 487//281
f 487//584 491//584 492//588 488//624
f 488//106 492//625 490//298 486//298
f 494//569 399//569 407//192 496//192
f 496//628 407//628 403//629 495//186
f 495//245 403//245 398//31 493//31
f 489//14 498//14 504//206 491//206
f 491//630 504//630 500//631 492//631
f 492//205 500//205 497//298 490//1
f 510//569 494//569 496//127 512//127
f 512//579 496//579 495//575 511//575
f 511//575 495//575 493//547 509//547
f 514//14 518//14 524//80 516//80
f 516//596 524//596 520//597 515//597
f 515//77 520//77 517//9 513//9
f 518//14 510//14 512//36 523//36
f 523//574 512//574 511//575 527//575
f 527//32 511//32 509//31 519//31
f 409//573 529//601 531//285 411//602
f 411//570 531//603 532//571 412//571
f 412//26 532//26 530//432 410//432
f 534//599 414//599 416//221 536//221
f 536//596 416//596 415//597 535//597
f 535//77 415//77 413//499 533//499
f 417//573 537//573 539//285 419//285
f 419//570 539//570 540//571 420//571
f 420//26 540//26 538//432 418//432
f 542//599 422//599 424//221 544//221
f 544//596 424//596 423//597 543//597
f 543//77 423//77 421//499 541//499
f 425//573 545//573 547//285 427//285
f 427//570 547//570 548//571 428//571
f 428//26 548//26 546//432 426//432
f 550//599 430//599 432//221 552//221
f 552//596 432//596 431//597 551//597
f 551//77 431//77 429//499 549//499
f 433//573 553//573 555//285 435//285
f 435//570 555//570 556//571 436//571
f 436//26 556//26 554//432 434//432
f 558//599 438//599 440//221 560//221
f 560//596 440//608 439//597 559//597
f 559//77 439//77 437//499 557//499
f 441//573 561//573 563//285 443//285
f 443//632 563//632 564//571 444//571
f 444//571 564//571 562//432 442//432
f 566//14 447//14 455//199 568//199
f 568//633 455//633 451//634 567//634
f 567//198 451//198 446//499 565//9
f 498//14 569//14 571//208 503//208
f 503//635 571//635 572//636 507//636
f 507//209 572//209 570//23 499//432
f 574//599 514//599 516//221 576//221
f 576//637 516//637 515//597 575//597
f 575//597 515//597 513//499 573//499
f 529//14 578//14 584//39 531//39
f 531//570 584//570 580//571 532//571
f 532//26 580//26 577//23 530//23
f 578//582 590//582 596//215 583//215
f 583//111 596//111 592//103 587//103
f 587//218 592//218 589//298 579//298
f 590//14 534//14 536//80 595//80
f 595//596 536//638 535//597 599//597
f 599//77 535//77 533//9 591//9
f 537//573 601//573 603//285 539//285
f 539//570 603//570 604//571 540//571
f 540//26 604//26 602//432 538//432
f 606//599 542//599 544//221 608//221
f 608//596 544//596 543//597 607//597
f 607//77 543//77 541//499 605//499
f 545//573 609//601 611//285 547//602
f 547//570 611//570 612//571 548//571
f 548//26 612//26 610//432 546//432
f 614//599 550//606 552//221 616//607
f 616//596 552//596 551//597 615//597
f 615//77 551//77 549//499 613//499
f 553//573 617//601 619//285 555//602
f 555//570 619//570 620//571 556//571
f 556//26 620//26 618//432 554//432
f 623//599 558//599 560//190 630//227
f 630//617 560//289 559//293 625//618
f 625//290 559//639 557//9 621//9
f 561//573 634//573 640//167 563//167
f 563//294 640//294 636//616 564//161
f 564//275 636//275 633//23 562//23
f 646//599 566//599 568//221 648//221
f 648//596 568//596 567//597 647//614
f 647//211 567//640 565//499 645//499
f 569//573 649//573 651//285 571//285
f 571//570 651//570 652//571 572//572
f 572//269 652//641 650//432 570//432
f 654//599 574//606 576//221 656//221
f 656//637 576//637 575//597 655//597
f 655//597 575//597 573//499 653//499
f 601//573 658//573 664//167 603//167
f 603//294 664//294 660//616 604//161
f 604//275 660//275 657//23 602//23
f 670//599 606//606 608//221 672//607
f 672//596 608//596 607//597 671//597
f 671//77 607//77 605//499 669//499
f 609//573 673//601 675//285 611//602
f 611//570 675//570 676//571 612//571
f 612//26 676//26 674//432 610//432
f 678//599 614//606 616//221 680//607
f 680//596 616//596 615//597 679//597
f 679//77 615//77 613//499 677//499
f 617//14 682//14 688//39 619//39
f 619//570 688//570 684//571 620//642
f 620//26 684//26 681//23 618//23
f 682//14 693//14 695//111 687//111
f 687//584 695//584 696//588 691//588
f 691//103 696//103 694//1 683//1
f 693//582 698//582 704//55 695//55
f 695//590 704//590 700//591 696//71
f 696//49 700//49 697//1 694//1
f 634//14 623//14 631//226 639//226
f 639//643 631//643 627//644 643//644
f 643//225 627//225 622//31 635//31
f 710//599 646//606 648//221 712//221
f 712//596 648//596 647//597 711//597
f 711//211 647//640 645//499 709//499
f 649//573 713//573 715//285 651//285
f 651//570 715//570 716//571 652//571
f 652//269 716//641 714//432 650//432
f 718//599 654//606 656//221 720//221
f 720//637 656//637 655//597 719//597
f 719//597 655//597 653//499 717//499
f 743//14 721//14 723//39 750//39
f 750//570 723//570 724//571 745//571
f 745//26 724//26 722//23 741//23
f 738//14 743//14 751//36 740//36
f 740//574 751//574 747//575 739//575
f 739//32 747//32 742//31 737//31
f 727//14 754//14 760//237 734//237
f 734//645 760//645 756//254 729//254
f 729//235 756//235 753//1 725//1
f 658//14 738//14 740//292 663//292
f 663//230 740//230 739//232 667//232
f 667//231 739//169 737//31 659//547
f 766//599 670//606 672//221 768//607
f 768//596 672//596 671//597 767//597
f 767//77 671//77 669//499 765//499
f 673//573 769//601 771//285 675//602
f 675//570 771//570 772//571 676//571
f 676//26 772//26 770//432 674//432
f 775//599 678//599 680//190 782//227
f 782//617 680//617 679//293 777//618
f 777//194 679//639 677//9 773//9
f 698//573 785//573 787//242 703//154
f 703//619 787//56 788//61 707//620
f 707//156 788//156 786//23 699//23
f 790//599 710//599 712//221 792//221
f 792//596 712//596 711//597 791//614
f 791//211 711//640 709//499 789//499
f 713//573 793//573 795//285 715//285
f 715//570 795//570 796//571 716//572
f 716//269 796//641 794//432 714//432
f 798//599 718//606 720//221 800//221
f 800//637 720//637 719//597 799//597
f 799//597 719//597 717//499 797//499
f 721//573 801//601 803//285 723//285
f 723//570 803//570 804//571 724//571
f 724//26 804//26 802//432 722//432
f 806//599 727//599 735//238 808//238
f 808//12 735//12 731//615 807//10
f 807//97 731//97 726//9 805//9
f 754//573 809//573 811//242 759//154
f 759//619 811//619 812//61 763//620
f 763//156 812//156 810//23 755//23
f 814//599 766//606 768//221 816//607
f 816//596 768//596 767//597 815//597
f 815//77 767//77 765//499 813//499
f 769//573 817//573 819//285 771//285
f 771//570 819//570 820//571 772//571
f 772//26 820//26 818//432 770//432
f 823//14 834//14 840//237 830//237
f 830//645 840//645 836//254 825//254
f 825//235 836//235 833//1 821//1
f 846//14 775//14 783//272 848//192
f 848//246 783//246 779//186 847//186
f 847//245 779//646 774//547 845//31
f 850//14 854//14 860//80 852//80
f 852//596 860//596 856//597 851//597
f 851//77 856//77 853//9 849//9
f 854//14 846//14 848//36 859//36
f 859//574 848//574 847//575 863//575
f 863//32 847//32 845//31 855//31
f 785//573 865//573 867//285 787//285
f 787//632 867//632 868//571 788//571
f 788//571 868//571 866//432 786//432
f 871//14 790//14 792//261 878//261
f 878//647 792//647 791//648 873//648
f 873//262 791//262 789//9 869//499
f 793//14 882//14 888//265 795//265
f 795//649 888//649 884//650 796//650
f 796//264 884//264 881//432 794//23
f 894//599 798//599 800//221 896//221
f 896//637 800//637 799//597 895//597
f 895//597 799//597 797//499 893//499
f 801//573 897//573 899//285 803//285
f 803//570 899//603 900//571 804//571
f 804//26 900//26 898//432 802//432
f 902//599 806//599 808//221 904//221
f 904//596 808//596 807//597 903//597
f 903//77 807//77 805//499 901//499
f 809//573 905//573 907//285 811//285
f 811//570 907//570 908//571 812//571
f 812//26 908//26 906//432 810//432
f 910//599 814//599 816//221 912//221
f 912//596 816//596 815//597 911//597
f 911//77 815//77 813//499 909//499
f 817//573 913//573 915//285 819//285
f 819//570 915//570 916//571 820//571
f 820//26 916//26 914//432 818//432
f 918//599 823//14 831//253 920//253
f 920//651 831//651 827//652 919//653
f 919//251 827//251 822//499 917//499
f 834//14 921//573 923//255 839//255
f 839//654 923//654 924//655 843//655
f 843//256 924//256 922//432 835//432
f 926//599 850//606 852//221 928//607
f 928//596 852//608 851//597 927//597
f 927//77 851//77 849//499 925//499
f 865//14 930//14 936//39 867//39
f 867//570 936//570 932//571 868//571
f 868//26 932//26 929//23 866//23
f 930//14 941//14 943//111 935//111
f 935//584 943//584 944//588 939//588
f 939//103 944//103 942//1 931//1
f 941//582 945//582 947//281 943//281
f 943//589 947//589 948//588 944//588
f 944//588 948//588 946//298 942//298
f 950//14 871//14 879//260 952//260
f 952//656 879//656 875//657 951//657
f 951//259 875//259 870//547 949//31
f 945//582 953//583 955//281 947//281
f 947//584 955//584 956//588 948//588
f 948//106 956//106 954//298 946//298
f 958//569 950//569 952//127 960//127
f 960//574 952//574 951//575 959//600
f 959//35 951//581 949//547 957//547
f 953//582 961//583 963//281 955//281
f 955//589 963//589 964//588 956//588
f 956//588 964//588 962//298 954//298
f 966//569 958//569 960//127 968//127
f 968//574 960//574 959//575 967//575
f 967//35 959//581 957//547 965//547
f 961//582 969//583 971//281 963//281
f 963//584 971//584 972//588 964//588
f 964//106 972//106 970//298 962//298
f 974//569 966//569 968//127 976//127
f 976//574 968//574 967//575 975//600
f 975//35 967//581 965//547 973//547
f 969//582 977//582 979//281 971//281
f 971//589 979//589 980//588 972//588
f 972//588 980//588 978//298 970//298
f 882//14 974//14 976//266 887//266
f 887//658 976//658 975//659 891//659
f 891//267 975//267 973//31 883//547
f 977//14 982//14 988//111 979//111
f 979//584 988//584 984//588 980//588
f 980//103 984//103 981//1 978//1
f 982//14 894//14 896//80 987//80
f 987//596 896//596 895//597 991//597
f 991//77 895//77 893//9 983//9
f 897//573 993//601 995//285 899//602
f 899//570 995//603 996//571 900//571
f 900//26 996//26 994//432 898//432
f 998//599 902//599 904//221 1000//221
f 1000//596 904//596 903//597 999//597
f 999//77 903//77 901//499 997//499
f 905//573 1001//573 1003//285 907//285
f 907//570 1003//570 1004//571 908//571
f 908//26 1004//26 1002//432 906//432
f 1006//599 910//599 912//221 1008//221
f 1008//596 912//596 911//597 1007//597
f 1007//77 911//77 909//499 1005//499
f 913//573 1009//601 1011//285 915//602
f 915//570 1011//570 1012//571 916//571
f 916//26 1012//26 1010//432 914//432
f 1014//599 918//606 920//221 1016//607
f 1016//596 920//596 919//597 1015//597
f 1015//77 919//77 917//499 1013//499
f 921//573 1017//601 1019//285 923//602
f 923//570 1019//570 1020//571 924//571
f 924//26 1020//26 1018//432 922//432
f 1023//599 926//599 928//190 1030//227
f 1030//617 928//617 927//293 1025//618
f 1025//194 927//639 925//9 1021//9
f 993//573 1034//573 1040//167 995//276
f 995//294 1040//294 1036//616 996//161
f 996//275 1036//275 1033//23 994//23
f 1046//599 998//606 1000//221 1048//607
f 1048//596 1000//596 999//597 1047//597
f 1047//77 999//77 997//499 1045//499
f 1001//573 1049//601 1051//285 1003//602
f 1003//570 1051//570 1052//571 1004//571
f 1004//26 1052//26 1050//432 1002//432
f 1054//599 1006//606 1008//221 1056//607
f 1056//596 1008//596 1007//597 1055//597
f 1055//77 1007//77 1005//499 1053//499
f 1009//573 1057//601 1059//285 1011//285
f 1011//570 1059//570 1060//571 1012//571
f 1012//26 1060//26 1058//432 1010//432
f 1062//599 1014//606 1016//221 1064//221
f 1064//596 1016//596 1015//597 1063//597
f 1063//77 1015//77 1013//499 1061//499
f 1017//14 1066//14 1072//39 1019//39
f 1019//570 1072//603 1068//571 1020//571
f 1020//26 1068//26 1065//23 1018//23
f 1066//14 1077//14 1079//111 1071//111
f 1071//584 1079//584 1080//588 1075//588
f 1075//103 1080//103 1078//1 1067//1
f 1077//582 1081//583 1083//281 1079//587
f 1079//584 1083//584 1084//588 1080//588
f 1080//103 1084//103 1082//1 1078//1
f 1086//569 1023//569 1031//192 1088//272
f 1088//628 1031//628 1027//629 1087//186
f 1087//245 1027//245 1022//31 1085//31
f 1081//582 1089//582 1091//281 1083//281
f 1083//584 1091//584 1092//588 1084//588
f 1084//103 1092//103 1090//298 1082//298
f 1094//569 1086//577 1088//127 1096//578
f 1096//574 1088//610 1087//575 1095//575
f 1095//32 1087//32 1085//547 1093//547
f 1089//14 1098//14 1104//111 1091//111
f 1091//584 1104//612 1100//588 1092//588
f 1092//103 1100//103 1097//1 1090//1
f 1098//599 1110//599 1116//126 1103//126
f 1103//80 1116//80 1112//77 1107//77
f 1107//117 1112//117 1109//499 1099//499
f 1110//14 1094//14 1096//36 1115//36
f 1115//574 1096//574 1095//575 1119//575
f 1119//32 1095//32 1093//31 1111//31
f 1143//14 1121//14 1123//39 1150//39
f 1150//570 1123//570 1124//571 1145//571
f 1145//26 1124//26 1122//23 1141//23
f 1126//14 1130//14 1136//80 1128//80
f 1128//596 1136//596 1132//597 1127//597
f 1127//77 1132//77 1129//9 1125//9
f 1130//569 1143//577 1151//283 1135//283
f 1135//36 1151//36 1147//32 1139//32
f 1139//284 1147//284 1142//547 1131//547
f 1175//573 1154//573 1160//136 1182//136
f 1182//39 1160//39 1156//26 1177//26
f 1177//149 1156//149 1153//432 1173//432
f 1154//14 1165//14 1167//111 1159//111
f 1159//584 1167//660 1168//588 1163//588
f 1163//103 1168//103 1166//1 1155//1
f 1170//14 1175//14 1183//36 1172//36
f 1172//574 1183//574 1179//575 1171//575
f 1171//32 1179//32 1174//31 1169//31
f 1165//582 1185//582 1187//281 1167//281
f 1167//584 1187//584 1188//588 1168//588
f 1168//103 1188//103 1186//298 1166//298
f 1190//569 1170//577 1172//127 1192//578
f 1192//574 1172//610 1171//575 1191//575
f 1191//32 1171//32 1169//547 1189//547
f 1185//582 1193//583 1195//281 1187//587
f 1187//584 1195//584 1196//588 1188//588
f 1188//103 1196//103 1194//1 1186//1
f 1034//569 1190//569 1192//292 1039//278
f 1039//626 1192//626 1191//232 1043//627
f 1043//169 1191//661 1189//31 1035//31
f 1193//14 1198//14 1204//111 1195//111
f 1195//584 1204//612 1200//588 1196//588
f 1196//103 1200//103 1197//1 1194//1
f 1198//14 1046//14 1048//80 1203//80
f 1203//596 1048//596 1047//597 1207//597
f 1207//77 1047//77 1045//9 1199//9
f 1049//573 1209//601 1211//285 1051//285
f 1051//570 1211//570 1212//571 1052//571
f 1052//26 1212//26 1210//432 1050//432
f 1214//599 1054//606 1056//221 1216//221
f 1216//596 1056//596 1055//597 1215//597
f 1215//77 1055//77 1053//499 1213//499
f 1057//573 1217//601 1219//285 1059//602
f 1059//570 1219//603 1220//604 1060//604
f 1060//26 1220//152 1218//432 1058//432
f 1223//14 1062//14 1064//190 1230//190
f 1230//289 1064//289 1063//293 1225//293
f 1225//290 1063//194 1061//9 1221//499
f 1121//14 1234//14 1240//276 1123//276
f 1123//291 1240//291 1236//161 1124//161
f 1124//275 1236//662 1233//432 1122//23
f 1247//14 1126//14 1128//190 1254//190
f 1254//289 1128//289 1127//293 1249//293
f 1249//290 1127//194 1125//9 1245//499
f 1209//14 1258//14 1264//276 1211//276
f 1211//291 1264//291 1260//161 1212//161
f 1212//275 1260//662 1257//432 1210//23
f 1270//599 1214//606 1216//221 1272//607
f 1272//596 1216//608 1215//609 1271//609
f 1271//77 1215//112 1213//499 1269//499
f 1217//14 1274//582 1280//39 1219//39
f 1219//570 1280//570 1276//571 1220//642
f 1220//26 1276//26 1273//23 1218//23
f 1274//14 1285//573 1287//111 1279//111
f 1279//584 1287//584 1288//588 1283//624
f 1283//103 1288//103 1286//1 1275//1
f 1285//582 1289//583 1291//281 1287//587
f 1287//589 1291//663 1292//588 1288//588
f 1288//106 1292//625 1290//298 1286//298
f 1294//14 1223//14 1231//272 1296//272
f 1296//246 1231//246 1227//186 1295//186
f 1295//646 1227//646 1222//547 1293//31
f 1289//582 1297//583 1299//281 1291//281
f 1291//584 1299//584 1300//585 1292//585
f 1292//103 1300//103 1298//1 1290//1
f 1302//569 1294//577 1296//127 1304//127
f 1304//574 1296//574 1295//586 1303//586
f 1303//35 1295//35 1293//547 1301//547
f 1297//582 1305//583 1307//281 1299//587
f 1299//584 1307//584 1308//588 1300//588
f 1300//103 1308//103 1306//1 1298//1
f 1310//569 1302//577 1304//127 1312//578
f 1312//574 1304//574 1303//575 1311//575
f 1311//35 1303//35 1301//547 1309//547
f 1305//582 1313//582 1315//281 1307//281
f 1307//584 1315//584 1316//585 1308//585
f 1308//103 1316//103 1314//1 1306//1
f 1318//569 1310//569 1312//127 1320//127
f 1320//579 1312//579 1311//575 1319//575
f 1319//32 1311//32 1309//547 1317//547
f 1313//582 1321//582 1323//281 1315//281
f 1315//584 1323//584 1324//585 1316//585
f 1316//103 1324//103 1322//1 1314//1
f 1326//569 1318//569 1320//127 1328//127
f 1328//574 1320//574 1319//586 1327//586
f 1327//32 1319//32 1317//31 1325//31
f 1321//582 1329//583 1331//281 1323//587
f 1323//584 1331//584 1332//585 1324//585
f 1324//103 1332//103 1330//1 1322//1
f 1234//569 1326//569 1328//292 1239//278
f 1239//626 1328//626 1327//627 1243//627
f 1243//169 1327//169 1325//31 1235//31
f 1329//582 1333//583 1335//111 1331//107
f 1331//584 1335//584 1336//585 1332//585
f 1332//103 1336//103 1334//1 1330//1
f 1333//582 1337//583 1339//281 1335//587
f 1335//584 1339//584 1340//585 1336//585
f 1336//103 1340//103 1338//1 1334//1
f 1342//569 1247//569 1255//192 1344//192
f 1344//628 1255//628 1251//629 1343//186
f 1343//245 1251//245 1246//31 1341//31
f 1337//582 1345//582 1347//281 1339//281
f 1339//584 1347//584 1348//585 1340//585
f 1340//103 1348//103 1346//1 1338//1
f 1350//569 1342//569 1344//127 1352//127
f 1352//574 1344//574 1343//586 1351//586
f 1351//32 1343//32 1341//31 1349//31
f 1345//582 1353//582 1355//281 1347//281
f 1347//584 1355//584 1356//585 1348//585
f 1348//103 1356//103 1354//1 1346//1
f 1358//569 1350//569 1352//127 1360//127
f 1360//579 1352//579 1351//575 1359//575
f 1359//32 1351//32 1349//547 1357//547
f 1353//582 1361//583 1363//281 1355//587
f 1355//584 1363//584 1364//588 1356//588
f 1356//103 1364//103 1362//1 1354//1
f 1366//569 1358//577 1360//127 1368//578
f 1368//574 1360//574 1359//575 1367//575
f 1367//35 1359//35 1357//547 1365//547
f 1361//582 1369//583 1371//281 1363//281
f 1363//584 1371//584 1372//585 1364//585
f 1364//103 1372//103 1370//1 1362//1
f 1374//569 1366//577 1368//127 1376//127
f 1376//574 1368//574 1367//586 1375//586
f 1375//35 1367//35 1365//547 1373//547
f 1369//582 1377//583 1379//281 1371//587
f 1371//589 1379//663 1380//588 1372//588
f 1372//106 1380//625 1378//298 1370//298
f 1258//14 1374//14 1376//292 1263//292
f 1263//230 1376//230 1375//232 1267//232
f 1267//231 1375//231 1373//31 1259//547
f 1377//14 1382//599 1388//111 1379//111
f 1379//584 1388//584 1384//588 1380//664
f 1380//103 1384//103 1381//1 1378//1
f 1382//14 1270//582 1272//80 1387//80
f 1387//596 1272//596 1271//597 1391//614
f 1391//77 1271//77 1269//9 1383//9
f 1410//31 1413//31 1417//317 1412//317
f 1412//665 1417//665 1422//666 1411//666
f 1411//327 1422//327 1415//305 1409//305
f 1414//23 1393//23 1395//322 1419//322
f 1419//667 1395//667 1396//668 1423//668
f 1423//324 1396//324 1394//305 1415//305
f 1397//70 1425//1 1427//299 1400//301
f 1400//376 1427//376 1428//302 1404//302
f 1404//669 1428//669 1426//305 1398//305
f 1430//244 1410//244 1412//329 1432//329
f 1432//665 1412//665 1411//670 1431//670
f 1431//384 1411//384 1409//671 1429//671
f 1425//70 1433//70 1435//409 1427//409
f 1427//672 1435//672 1436//673 1428//673
f 1428//551 1436//551 1434//674 1426//674
f 1438//31 1430//31 1432//317 1440//317
f 1440//675 1432//675 1431//666 1439//666
f 1439//384 1431//384 1429//671 1437//671
f 1433//70 1441//70 1443//409 1435//409
f 1435//676 1443//676 1444//673 1436//673
f 1436//551 1444//551 1442//674 1434//674
f 1446//31 1438//31 1440//317 1448//317
f 1448//665 1440//665 1439//666 1447//666
f 1447//384 1439//384 1437//671 1445//671
f 1441//70 1449//70 1451//386 1443//386
f 1443//676 1451//676 1452//677 1444//677
f 1444//551 1452//551 1450//674 1442//674
f 1454//31 1446//31 1448//317 1456//317
f 1456//675 1448//675 1447//666 1455//666
f 1455//384 1447//384 1445//671 1453//671
f 1449//1 1457//1 1459//386 1451//386
f 1451//672 1459//672 1460//673 1452//673
f 1452//551 1460//551 1458//674 1450//674
f 1462//31 1454//31 1456//317 1464//317
f 1464//675 1456//675 1455//666 1463//666
f 1463//384 1455//384 1453//671 1461//671
f 1457//1 1465//1 1469//347 1459//347
f 1459//354 1469//678 1474//679 1460//357
f 1460//680 1474//343 1467//674 1458//674
f 1478//31 1462//31 1464//317 1480//317
f 1480//675 1464//675 1463//666 1479//666
f 1479//384 1463//384 1461//671 1477//671
f 1494//31 1478//31 1480//317 1496//317
f 1496//675 1480//675 1479//666 1495//666
f 1495//327 1479//327 1477//671 1493//671
f 1481//1 1497//1 1499//299 1484//301
f 1484//681 1499//376 1500//350 1488//350
f 1488//351 1500//351 1498//674 1482//674
f 1502//31 1494//31 1496//317 1504//317
f 1504//675 1496//675 1495//666 1503//666
f 1503//384 1495//384 1493//671 1501//671
f 1497//1 1505//1 1507//386 1499//386
f 1499//672 1507//672 1508//673 1500//673
f 1500//551 1508//551 1506//674 1498//674
f 1510//31 1502//31 1504//317 1512//317
f 1512//675 1504//675 1503//666 1511//666
f 1511//384 1503//384 1501//671 1509//671
f 1505//70 1513//70 1515//386 1507//386
f 1507//676 1515//676 1516//677 1508//677
f 1508//551 1516//551 1514//674 1506//674
f 1518//31 1510//31 1512//317 1520//317
f 1520//675 1512//675 1511//666 1519//666
f 1519//384 1511//384 1509//671 1517//671
f 1513//70 1521//70 1523//409 1515//409
f 1515//676 1523//676 1524//673 1516//673
f 1516//551 1524//551 1522//674 1514//674
f 1526//31 1518//31 1520//317 1528//317
f 1528//665 1520//665 1519//666 1527//666
f 1527//384 1519//384 1517//671 1525//671
f 1521//70 1529//70 1531//409 1523//409
f 1523//672 1531//672 1532//673 1524//673
f 1524//551 1532//551 1530//674 1522//674
f 1534//31 1526//31 1528//317 1536//317
f 1536//675 1528//675 1527//666 1535//666
f 1535//384 1527//384 1525//671 1533//671
f 1529//1 1537//70 1541//358 1531//358
f 1531//354 1541//354 1546//357 1532//357
f 1532//680 1546//680 1539//305 1530//305
f 1550//244 1534//244 1536//329 1552//329
f 1552//665 1536//665 1535//670 1551//670
f 1551//384 1535//384 1533//671 1549//671
f 1554//9 1557//9 1561//361 1556//361
f 1556//682 1561//682 1566//683 1555//683
f 1555//369 1566//369 1559//305 1553//305
f 1558//31 1550//31 1552//317 1563//317
f 1563//665 1552//665 1551//666 1567//666
f 1567//327 1551//327 1549//305 1559//305
f 1574//9 1399//95 1407//310 1576//381
f 1576//313 1407//313 1403//309 1575//309
f 1575//379 1403//379 1398//305 1573//305
f 1393//274 1569//274 1571//322 1395//322
f 1395//684 1571//684 1572//668 1396//668
f 1396//511 1572//511 1570//685 1394//685
f 1582//9 1483//95 1491//310 1584//381
f 1584//313 1491//313 1487//309 1583//380
f 1583//379 1487//379 1482//305 1581//305
f 1466//274 1577//23 1579//686 1471//355
f 1471//338 1579//338 1580//340 1475//340
f 1475//687 1580//687 1578//305 1467//305
f 1590//95 1554//95 1556//361 1592//361
f 1592//688 1556//688 1555//683 1591//683
f 1591//556 1555//556 1553//689 1589//689
f 1538//274 1585//23 1587//686 1543//355
f 1543//338 1587//338 1588//340 1547//340
f 1547//687 1588//687 1586//305 1539//305
f 1598//95 1574//95 1576//361 1600//361
f 1600//682 1576//682 1575//683 1599//683
f 1599//556 1575//556 1573//689 1597//689
f 1569//274 1593//274 1595//322 1571//322
f 1571//667 1595//667 1596//668 1572//668
f 1572//511 1596//511 1594//685 1570//685
f 1618//31 1621//31 1625//317 1620//317
f 1620//665 1625//690 1630//666 1619//666
f 1619//327 1630//327 1623//305 1617//685
f 1622//23 1601//23 1603//322 1627//322
f 1627//667 1603//691 1604//668 1631//668
f 1631//324 1604//324 1602//305 1623//671
f 1605//1 1633//1 1635//301 1608//301
f 1608//681 1635//376 1636//350 1612//350
f 1612//351 1636//351 1634//674 1606//674
f 1638//31 1618//31 1620//317 1640//317
f 1640//665 1620//665 1619//666 1639//666
f 1639//384 1619//384 1617//671 1637//671
f 1633//70 1641//70 1643//386 1635//386
f 1635//676 1643//676 1644//673 1636//673
f 1636//551 1644//551 1642//674 1634//674
f 1646//244 1638//244 1640//317 1648//317
f 1648//665 1640//665 1639//666 1647//666
f 1647//384 1639//384 1637//671 1645//671
f 1641//1 1649//1 1653//386 1643//386
f 1643//676 1653//676 1658//673 1644//673
f 1644//395 1658//395 1651//305 1642//305
f 1650//95 1661//95 1665//404 1655//404
f 1655//361 1665//361 1670//369 1659//369
f 1659//397 1670//397 1663//689 1651//689
f 1662//31 1646//31 1648//317 1667//317
f 1667//665 1648//665 1647//666 1671//666
f 1671//327 1647//327 1645//305 1663//689
f 1678//95 1582//95 1584//543 1680//543
f 1680//682 1584//682 1583//683 1679//683
f 1679//556 1583//556 1581//689 1677//689
f 1577//274 1673//274 1675//476 1579//476
f 1579//667 1675//667 1676//668 1580//668
f 1580//511 1676//511 1674//685 1578//685
f 1681//1 1693//1 1695//386 1684//386
f 1684//676 1695//676 1696//673 1688//673
f 1688//395 1696//395 1694//305 1682//305
f 1698//31 1701//31 1705//317 1700//317
f 1700//665 1705//665 1710//666 1699//666
f 1699//327 1710//327 1703//305 1697//685
f 1702//274 1683//274 1691//419 1707//419
f 1707//322 1691//322 1687//324 1711//324
f 1711//429 1687//429 1682//685 1703//685
f 1693//70 1713//70 1715//386 1695//386
f 1695//676 1715//676 1716//673 1696//673
f 1696//551 1716//551 1714//674 1694//674
f 1718//244 1698//244 1700//317 1720//317
f 1720//665 1700//665 1699//666 1719//666
f 1719//384 1699//384 1697//671 1717//671
f 1713//1 1721//1 1725//358 1715//347
f 1715//354 1725//354 1730//679 1716//357
f 1716//680 1730//343 1723//674 1714//674
f 1734//31 1718//31 1720//317 1736//317
f 1736//665 1720//665 1719//666 1735//666
f 1735//384 1719//384 1717//671 1733//671
f 1738//9 1741//9 1745//361 1740//361
f 1740//682 1745//692 1750//683 1739//683
f 1739//369 1750//369 1743//305 1737//671
f 1742//31 1734//31 1736//317 1747//317
f 1747//665 1736//693 1735//666 1751//666
f 1751//327 1735//327 1733//305 1743//689
f 1758//95 1590//95 1592//361 1760//361
f 1760//682 1592//682 1591//683 1759//683
f 1759//556 1591//556 1589//689 1757//689
f 1585//274 1753//274 1755//322 1587//322
f 1587//667 1755//667 1756//668 1588//668
f 1588//511 1756//511 1754//685 1586//685
f 1766//95 1598//95 1600//361 1768//361
f 1768//688 1600//688 1599//683 1767//683
f 1767//556 1599//556 1597//689 1765//689
f 1593//274 1761//274 1763//322 1595//322
f 1595//684 1763//684 1764//668 1596//668
f 1596//511 1764//511 1762//685 1594//685
f 1774//9 1607//9 1615//381 1776//381
f 1776//313 1615//694 1611//380 1775//309
f 1775//379 1611//518 1606//689 1773//689
f 1601//274 1769//274 1771//322 1603//322
f 1603//684 1771//684 1772//668 1604//668
f 1604//511 1772//511 1770//685 1602//685
f 1789//9 1678//9 1680//695 1792//695
f 1792//696 1680//454 1679//697 1796//697
f 1796//460 1679//460 1677//689 1790//689
f 1673//23 1777//23 1781//450 1675//450
f 1675//562 1781//698 1786//699 1676//564
f 1676//550 1786//446 1779//685 1674//685
f 1806//95 1738//95 1740//361 1808//361
f 1808//688 1740//688 1739//683 1807//683
f 1807//556 1739//556 1737//689 1805//689
f 1722//23 1801//23 1803//686 1727//355
f 1727//700 1803//338 1804//434 1731//434
f 1731//436 1804//436 1802//685 1723//685
f 1814//95 1758//95 1760//361 1816//361
f 1816//688 1760//688 1759//683 1815//683
f 1815//556 1759//556 1757//689 1813//689
f 1753//274 1809//274 1811//322 1755//322
f 1755//684 1811//684 1812//668 1756//668
f 1756//511 1812//511 1810//685 1754//685
f 1822//95 1766//95 1768//361 1824//361
f 1824//682 1768//682 1767//683 1823//683
f 1823//556 1767//556 1765//689 1821//689
f 1761//274 1817//274 1819//322 1763//322
f 1763//667 1819//667 1820//668 1764//668
f 1764//511 1820//511 1818//685 1762//685
f 1830//95 1774//95 1776//361 1832//361
f 1832//682 1776//682 1775//683 1831//683
f 1831//556 1775//556 1773//689 1829//689
f 1769//274 1825//274 1827//322 1771//322
f 1771//667 1827//667 1828//668 1772//668
f 1772//511 1828//511 1826//685 1770//685
f 1850//31 1853//701 1857//317 1852//430
f 1852//665 1857//665 1862//666 1851//666
f 1851//327 1862//327 1855//305 1849//305
f 1854//23 1833//702 1835//322 1859//322
f 1859//667 1835//667 1836//668 1863//668
f 1863//324 1836//324 1834//305 1855//305
f 1837//70 1865//1 1867//469 1840//469
f 1840//703 1867//703 1868//704 1844//704
f 1844//470 1868//470 1866//305 1838//305
f 1870//244 1850//244 1852//665 1872//665
f 1872//665 1852//665 1851//666 1871//666
f 1871//384 1851//384 1849//671 1869//671
f 1865//70 1873//70 1875//409 1867//409
f 1867//676 1875//676 1876//673 1868//673
f 1868//551 1876//551 1874//674 1866//674
f 1778//31 1870//31 1872//442 1783//442
f 1783//705 1872//507 1871//563 1787//563
f 1787//448 1871//448 1869//671 1779//671
f 1873//70 1877//70 1879//409 1875//706
f 1875//676 1879//676 1880//673 1876//673
f 1876//551 1880//707 1878//674 1874//674
f 1877//70 1881//70 1883//409 1879//409
f 1879//676 1883//676 1884//673 1880//673
f 1880//551 1884//551 1882//674 1878//674
f 1886//31 1791//31 1799//462 1888//462
f 1888//523 1799//708 1795//709 1887//545
f 1887//710 1795//458 1790//671 1885//671
f 1881//1 1889//70 1893//484 1883//484
f 1883//711 1893//711 1898//712 1884//712
f 1884//483 1898//483 1891//305 1882//305
f 1902//244 1886//244 1888//665 1904//665
f 1904//665 1888//665 1887//666 1903//666
f 1903//384 1887//384 1885//671 1901//671
f 1906//9 1909//713 1913//361 1908//407
f 1908//682 1913//682 1918//683 1907//683
f 1907//369 1918//369 1911//305 1905//305
f 1910//31 1902//714 1904//317 1915//317
f 1915//665 1904//665 1903//666 1919//666
f 1919//327 1903//327 1901//305 1911//305
f 1926//95 1806//95 1808//361 1928//361
f 1928//682 1808//682 1807//683 1927//683
f 1927//556 1807//556 1805//689 1925//689
f 1801//274 1921//274 1923//322 1803//322
f 1803//667 1923//667 1924//668 1804//668
f 1804//511 1924//511 1922//685 1802//685
f 1934//95 1814//95 1816//361 1936//361
f 1936//682 1816//682 1815//683 1935//683
f 1935//556 1815//556 1813//689 1933//689
f 1809//274 1929//274 1931//322 1811//322
f 1811//667 1931//667 1932//668 1812//668
f 1812//511 1932//511 1930//685 1810//685
f 1942//95 1822//95 1824//361 1944//361
f 1944//688 1824//688 1823//683 1943//683
f 1943//556 1823//556 1821//689 1941//689
f 1817//274 1937//274 1939//322 1819//322
f 1819//684 1939//684 1940//668 1820//668
f 1820//511 1940//511 1938//685 1818//685
f 1950//95 1830//95 1832//361 1952//361
f 1952//688 1832//688 1831//683 1951//683
f 1951//556 1831//556 1829//689 1949//689
f 1825//274 1945//274 1947//322 1827//322
f 1827//684 1947//684 1948//668 1828//668
f 1828//511 1948//511 1946//685 1826//685
f 1958//9 1839//95 1847//473 1960//473
f 1960//715 1847//715 1843//716 1959//716
f 1959//472 1843//472 1838//305 1957//305
f 1833//274 1953//274 1955//476 1835//476
f 1835//667 1955//667 1956//717 1836//717
f 1836//511 1956//511 1954//685 1834//685
f 1966//95 1906//95 1908//682 1968//682
f 1968//682 1908//682 1907//718 1967//718
f 1967//556 1907//556 1905//689 1965//689
f 1890//274 1961//23 1963//481 1895//481
f 1895//719 1963//719 1964//720 1899//720
f 1899//482 1964//482 1962//305 1891//305
f 1969//70 1981//70 1985//493 1972//493
f 1972//386 1985//386 1990//395 1976//395
f 1976//488 1990//488 1983//674 1970//674
f 1982//9 1926//9 1928//361 1987//361
f 1987//682 1928//682 1927//683 1991//683
f 1991//369 1927//369 1925//305 1983//674
f 1921//23 1971//23 1979//322 1923//322
f 1923//667 1979//667 1975//668 1924//668
f 1924//324 1975//324 1970//305 1922//305
f 1998//95 1934//95 1936//361 2000//361
f 2000//688 1936//688 1935//683 1999//683
f 1999//556 1935//556 1933//689 1997//689
f 1929//274 1993//274 1995//322 1931//322
f 1931//684 1995//684 1996//668 1932//668
f 1932//511 1996//511 1994//685 1930//685
f 2006//95 1942//95 1944//361 2008//361
f 2008//688 1944//688 1943//683 2007//683
f 2007//556 1943//556 1941//689 2005//689
f 1937//274 2001//274 2003//322 1939//322
f 1939//684 2003//684 2004//668 1940//668
f 1940//511 2004//511 2002//685 1938//685
f 2013//9 1950//9 1952//695 2016//695
f 2016//696 1952//454 1951//697 2020//697
f 2020//460 1951//460 1949//689 2014//689
f 1945//274 2009//274 2011//322 1947//322
f 1947//684 2011//684 2012//668 1948//668
f 1948//511 2012//511 2010//685 1946//685
f 2038//95 1958//95 1960//543 2040//543
f 2040//682 1960//682 1959//683 2039//683
f 2039//556 1959//556 1957//689 2037//689
f 1953//23 2025//23 2029//450 1955//450
f 1955//562 2029//698 2034//699 1956//564
f 1956//550 2034//446 2027//685 1954//685
f 2046//95 1966//95 1968//682 2048//682
f 2048//682 1968//682 1967//718 2047//718
f 2047//556 1967//556 1965//689 2045//689
f 1961//274 2041//274 2043//476 1963//476
f 1963//667 2043//667 2044//668 1964//668
f 1964//511 2044//511 2042//685 1962//685
f 2062//95 1998//95 2000//361 2064//361
f 2064//688 2000//688 1999//683 2063//683
f 2063//556 1999//556 1997//689 2061//689
f 1993//23 2049//23 2053//450 1995//450
f 1995//562 2053//698 2058//699 1996//564
f 1996//550 2058//446 2051//685 1994//685
f 2070//95 2006//95 2008//361 2072//361
f 2072//682 2008//682 2007//683 2071//683
f 2071//556 2007//556 2005//689 2069//689
f 2001//274 2065//274 2067//322 2003//322
f 2003//667 2067//667 2068//668 2004//668
f 2004//511 2068//511 2066//685 2002//685
f 2073//1 2085//1 2087//386 2076//386
f 2076//676 2087//676 2088//673 2080//673
f 2080//395 2088//395 2086//305 2074//305
f 2009//23 2075//23 2083//322 2011//322
f 2011//667 2083//721 2079//668 2012//668
f 2012//324 2079//324 2074//305 2010//674
f 2085//1 2089//1 2093//347 2087//347
f 2087//354 2093//678 2098//679 2088//357
f 2088//680 2098//343 2091//674 2086//674
f 2026//31 2015//31 2023//503 2031//503
f 2031//722 2023//722 2019//723 2035//723
f 2035//502 2019//502 2014//305 2027//305
f 2102//95 2038//95 2040//543 2104//724
f 2104//682 2040//682 2039//683 2103//683
f 2103//556 2039//725 2037//689 2101//689
f 2110//95 2046//95 2048//682 2112//682
f 2112//682 2048//682 2047//718 2111//718
f 2111//556 2047//556 2045//689 2109//689
f 2041//274 2105//274 2107//476 2043//726
f 2043//667 2107//667 2108//668 2044//668
f 2044//511 2108//727 2106//685 2042//685
f 2130//31 2133//31 2137//317 2132//317
f 2132//665 2137//690 2142//666 2131//666
f 2131//327 2142//327 2135//305 2129//305
f 2134//23 2113//23 2115//322 2139//322
f 2139//667 2115//667 2116//668 2143//668
f 2143//324 2116//324 2114//305 2135//305
f 2117//1 2145//1 2149//514 2120//514
f 2120//728 2149//728 2154//729 2124//729
f 2124//516 2154//516 2147//305 2118//305
f 2050//244 2130//31 2132//442 2055//567
f 2055//507 2132//507 2131//508 2059//508
f 2059//730 2131//730 2129//305 2051//305
f 2158//95 2062//95 2064//361 2160//361
f 2160//682 2064//682 2063//683 2159//683
f 2159//556 2063//556 2061//689 2157//689
f 2165//9 2070//9 2072//695 2168//695
f 2168//696 2072//454 2071//697 2172//697
f 2172//460 2071//460 2069//689 2166//689
f 2065//274 2161//274 2163//322 2067//322
f 2067//684 2163//684 2164//668 2068//668
f 2068//511 2164//511 2162//685 2066//685
f 2182//95 2102//95 2104//543 2184//543
f 2184//682 2104//682 2103//683 2183//683
f 2183//556 2103//556 2101//689 2181//689
f 2090//23 2177//23 2179//686 2095//686
f 2095//700 2179//338 2180//434 2099//434
f 2099//436 2180//436 2178//685 2091//685
f 2190//95 2110//95 2112//682 2192//682
f 2192//682 2112//682 2111//718 2191//718
f 2191//556 2111//556 2109//689 2189//689
f 2105//274 2185//274 2187//476 2107//476
f 2107//667 2187//667 2188//668 2108//668
f 2108//511 2188//511 2186//685 2106//685
f 2198//9 2119//9 2127//381 2200//381
f 2200//313 2127//694 2123//380 2199//380
f 2199//379 2123//518 2118//689 2197//689
f 2113//274 2193//274 2195//322 2115//322
f 2115//684 2195//684 2196//668 2116//668
f 2116//511 2196//511 2194//685 2114//685
f 2206//95 2158//95 2160//361 2208//361
f 2208//688 2160//688 2159//683 2207//683
f 2207//556 2159//556 2157//689 2205//689
f 2146//23 2201//23 2203//686 2151//686
f 2151//700 2203//338 2204//434 2155//434
f 2155//436 2204//436 2202//685 2147//685
f 2161//274 2209//274 2211//322 2163//322
f 2163//684 2211//684 2212//668 2164//668
f 2164//511 2212//511 2210//685 2162//685
f 2213//1 2225//1 2229//514 2216//514
f 2216//728 2229//728 2234//729 2220//729
f 2220//516 2234//516 2227//305 2214//305
f 2238//31 2167//244 2175//560 2240//462
f 2240//523 2175//523 2171//545 2239//545
f 2239//710 2171//710 2166//305 2237//305
f 2242//9 2245//9 2249//361 2244//361
f 2244//682 2249//682 2254//683 2243//683
f 2243//369 2254//369 2247//305 2241//305
f 2246//31 2238//31 2240//317 2251//317
f 2251//665 2240//693 2239//666 2255//666
f 2255//327 2239//327 2237//305 2247//305
f 2261//95 2182//9 2184//532 2264//532
f 2264//731 2184//731 2183//732 2268//732
f 2268//533 2183//533 2181//305 2262//305
f 2177//274 2257//274 2259//476 2179//476
f 2179//667 2259//667 2260//717 2180//717
f 2180//511 2260//511 2258//685 2178//685
f 2286//95 2190//95 2192//682 2288//682
f 2288//682 2192//682 2191//718 2287//718
f 2287//556 2191//556 2189//689 2285//689
f 2185//23 2273//274 2277//542 2187//542
f 2187//733 2277//733 2282//734 2188//734
f 2188//541 2282//541 2275//305 2186//305
f 2294//95 2198//95 2200//361 2296//361
f 2296//688 2200//688 2199//683 2295//683
f 2295//556 2199//556 2197//689 2293//689
f 2193//274 2289//274 2291//322 2195//322
f 2195//684 2291//684 2292//668 2196//668
f 2196//511 2292//511 2290//685 2194//685
f 2302//95 2206//95 2208//361 2304//361
f 2304//688 2208//688 2207//683 2303//683
f 2303//556 2207//556 2205//689 2301//689
f 2201//274 2297//274 2299//322 2203//322
f 2203//684 2299//684 2300//668 2204//668
f 2204//511 2300//511 2298//685 2202//685
f 2310//95 2215//95 2223//526 2312//526
f 2312//735 2223//735 2219//736 2311//736
f 2311//525 2219//525 2214//305 2309//689
f 2209//274 2305//274 2307//322 2211//322
f 2211//667 2307//667 2308//668 2212//668
f 2212//511 2308//511 2306//685 2210//685
f 2318//95 2242//95 2244//361 2320//361
f 2320//682 2244//682 2243//683 2319//683
f 2319//556 2243//556 2241//689 2317//689
f 2226//274 2313//274 2315//527 2231//527
f 2231//737 2315//737 2316//738 2235//738
f 2235//739 2316//739 2314//685 2227//305
f 2321//1 2333//740 2335//386 2324//386
f 2324//676 2335//676 2336//673 2328//673
f 2328//395 2336//395 2334//305 2322//305
f 2257//23 2323//741 2331//322 2259//414
f 2259//667 2331//667 2327//668 2260//668
f 2260//324 2327//324 2322//305 2258//305
f 2333//70 2337//70 2339//676 2335//676
f 2335//676 2339//676 2340//673 2336//673
f 2336//551 2340//551 2338//674 2334//674
f 2342//31 2263//244 2271//535 2344//535
f 2344//742 2271//742 2267//743 2343//743
f 2343//534 2267//534 2262//305 2341//305
f 2337//70 2345//70 2347//409 2339//409
f 2339//676 2347//676 2348//673 2340//673
f 2340//551 2348//551 2346//674 2338//674
f 2350//244 2342//244 2344//329 2352//329
f 2352//665 2344//665 2343//666 2351//666
f 2351//384 2343//384 2341//671 2349//671
f 2345//70 2353//70 2355//409 2347//409
f 2347//676 2355//676 2356//677 2348//677
f 2348//551 2356//551 2354//674 2346//674
f 2358//244 2350//244 2352//329 2360//744
f 2360//665 2352//665 2351//666 2359//666
f 2359//384 2351//745 2349//671 2357//671
f 2353//70 2361//70 2363//409 2355//409
f 2355//676 2363//676 2364//673 2356//673
f 2356//551 2364//551 2362//674 2354//674
f 2366//244 2358//244 2360//329 2368//329
f 2368//665 2360//665 2359//666 2367//666
f 2367//384 2359//384 2357//671 2365//671
f 2361//70 2369//70 2371//676 2363//676
f 2363//676 2371//676 2372//673 2364//673
f 2364//551 2372//551 2370//674 2362//674
f 2274//244 2366//31 2368//539 2279//539
f 2279//746 2368//746 2367//747 2283//747
f 2283//540 2367//540 2365//305 2275//305
f 2369//1 2373//748 2377//386 2371//398
f 2371//676 2377//676 2382//673 2372//673
f 2372//395 2382//395 2375//305 2370//305
f 2374//9 2286//749 2288//361 2379//361
f 2379//682 2288//682 2287//683 2383//683
f 2383//369 2287//369 2285//305 2375//305
f 2390//95 2294//95 2296//361 2392//361
f 2392//682 2296//682 2295//683 2391//683
f 2391//556 2295//556 2293//689 2389//689
f 2289//274 2385//274 2387//322 2291//322
f 2291//667 2387//667 2388//668 2292//668
f 2292//511 2388//511 2386//685 2290//685
f 2398//95 2302//95 2304//361 2400//361
f 2400//682 2304//682 2303//683 2399//683
f 2399//556 2303//556 2301//689 2397//689
f 2297//274 2393//274 2395//322 2299//322
f 2299//667 2395//667 2396//668 2300//668
f 2300//511 2396//511 2394//685 2298//685
f 2406//95 2310//95 2312//361 2408//361
f 2408//688 2312//688 2311//683 2407//683
f 2407//556 2311//556 2309//689 2405//689
f 2305//274 2401//274 2403//322 2307//322
f 2307//684 2403//684 2404//668 2308//668
f 2308//511 2404//511 2402//685 2306//685
f 2413//9 2318//9 2320//695 2416//557
f 2416//696 2320//454 2319//697 2420//697
f 2420//460 2319//460 2317//689 2414//689
f 2313//274 2409//274 2411//322 2315//322
f 2315//684 2411//684 2412//668 2316//668
f 2316//511 2412//511 2410//685 2314//685
f 2438//95 2390//95 2392//361 2440//361
f 2440//688 2392//688 2391//683 2439//683
f 2439//556 2391//556 2389//689 2437//689
f 2385//23 2425//23 2429//450 2387//450
f 2387//562 2429//698 2434//699 2388//564
f 2388//550 2434//446 2427//685 2386//685
f 2446//95 2398//95 2400//361 2448//361
f 2448//688 2400//688 2399//683 2447//683
f 2447//556 2399//556 2397//689 2445//689
f 2393//274 2441//274 2443//322 2395//322
f 2395//684 2443//684 2444//668 2396//668
f 2396//511 2444//511 2442//685 2394//685
f 2454//95 2406//95 2408//361 2456//361
f 2456//682 2408//682 2407//683 2455//683
f 2455//556 2407//556 2405//689 2453//689
f 2401//274 2449//274 2451//322 2403//322
f 2403//667 2451//667 2452//668 2404//668
f 2404//511 2452//511 2450//685 2402//685
f 2457//1 2469//1 2471//386 2460//386
f 2460//676 2471//750 2472//673 2464//673
f 2464//395 2472//395 2470//305 2458//685
f 2409//23 2459//23 2467//322 2411//322
f 2411//667 2467//721 2463//668 2412//668
f 2412//324 2463//324 2458//305 2410//674
f 2469//1 2473//1 2475//386 2471//386
f 2471//676 2475//676 2476//673 2472//673
f 2472//551 2476//551 2474//674 2470//674
f 2478//31 2415//31 2423//560 2480//462
f 2480//523 2423//523 2419//709 2479//545
f 2479//710 2419//458 2414//671 2477//671
f 2473//70 2481//70 2483//386 2475//386
f 2475//676 2483//676 2484//673 2476//673
f 2476//551 2484//551 2482//674 2474//674
f 2486//244 2478//244 2480//317 2488//317
f 2488//665 2480//665 2479//666 2487//666
f 2487//384 2479//384 2477//671 2485//671
f 2481//1 2489//1 2493//386 2483//386
f 2483//676 2493//676 2498//673 2484//673
f 2484//395 2498//395 2491//305 2482//689
f 2490//95 2501//95 2505//404 2495//404
f 2495//361 2505//361 2510//369 2499//369
f 2499//397 2510//397 2503//689 2491//689
f 2502//31 2486//31 2488//317 2507//317
f 2507//665 2488//665 2487//666 2511//666
f 2511//327 2487//327 2485//305 2503//305
f 2518//9 2521//9 2525//361 2520//361
f 2520//682 2525//692 2530//683 2519//683
f 2519//369 2530//369 2523//305 2517//305
f 2522//244 2533//244 2537//554 2527//554
f 2527//317 2537//317 2542//327 2531//327
f 2531//555 2542//555 2535//671 2523//751
f 2534//23 2513//23 2515//322 2539//322
f 2539//667 2515//667 2516//668 2543//752
f 2543//324 2516//324 2514//305 2535//305
f 2545//1 2557//1 2559//386 2548//386
f 2548//676 2559//676 2560//673 2552//673
f 2552//395 2560//395 2558//305 2546//685
f 2562//31 2565//31 2569//317 2564//317
f 2564//665 2569//665 2574//666 2563//666
f 2563//327 2574//327 2567//305 2561//305
f 2566//274 2547//274 2555//419 2571//419
f 2571//322 2555//322 2551//324 2575//324
f 2575//429 2551//429 2546//685 2567//685
f 2557//70 2577//70 2579//386 2559//386
f 2559//676 2579//676 2580//673 2560//673
f 2560//551 2580//551 2578//674 2558//674
f 2582//244 2562//244 2564//317 2584//317
f 2584//665 2564//665 2563//666 2583//666
f 2583//384 2563//384 2561//671 2581//671
f 2577//1 2585//1 2587//386 2579//386
f 2579//676 2587//676 2588//673 2580//673
f 2580//551 2588//551 2586//674 2578//674
f 2426//31 2582//31 2584//567 2431//567
f 2431//705 2584//507 2583//563 2435//563
f 2435//448 2583//448 2581//671 2427//671
f 2585//1 2589//1 2593//386 2587//386
f 2587//676 2593//753 2598//673 2588//673
f 2588//395 2598//395 2591//305 2586//689
f 2590//9 2438//9 2440//361 2595//361
f 2595//682 2440//754 2439//683 2599//683
f 2599//369 2439//369 2437//305 2591//674
f 2606//95 2446//95 2448//361 2608//361
f 2608//682 2448//682 2447//683 2607//683
f 2607//556 2447//556 2445//689 2605//689
f 2441//274 2601//274 2603//322 2443//322
f 2443//667 2603//667 2604//668 2444//668
f 2444//511 2604//511 2602//685 2442//685
f 2613//95 2454//9 2456//695 2616//557
f 2616//454 2456//454 2455//558 2620//558
f 2620//500 2455//500 2453//305 2614//305
f 2449//274 2609//274 2611//322 2451//322
f 2451//684 2611//684 2612//668 2452//668
f 2452//511 2612//511 2610//685 2450//685
f 2637//95 2518//9 2520//695 2640//557
f 2640//454 2520//454 2519//558 2644//558
f 2644//500 2519//500 2517//305 2638//305
f 2513//23 2625//274 2629//565 2515//450
f 2515//562 2629//562 2634//564 2516//699
f 2516//550 2634//550 2627//305 2514//305
f 2662//95 2606//95 2608//361 2664//361
f 2664//688 2608//688 2607//683 2663//683
f 2663//556 2607//556 2605//689 2661//689
f 2601//23 2649//274 2653//565 2603//450
f 2603//562 2653//562 2658//564 2604//564
f 2604//550 2658//550 2651//305 2602//305
f 2665//1 2677//1 2679//386 2668//386
f 2668//676 2679//676 2680//673 2672//673
f 2672//395 2680//395 2678//305 2666//305
f 2609//23 2667//23 2675//322 2611//322
f 2611//667 2675//667 2671//668 2612//668
f 2612//324 2671//324 2666//305 2610//305
f 2677//70 2681//70 2683//409 2679//409
f 2679//676 2683//676 2684//677 2680//677
f 2680//551 2684//551 2682//674 2678//674
f 2686//31 2615//244 2623//560 2688//560
f 2688//523 2623//523 2619//545 2687//545
f 2687//710 2619//710 2614//305 2685//305
f 2681//1 2689//1 2691//386 2683//386
f 2683//672 2691//672 2692//673 2684//673
f 2684//551 2692//551 2690//674 2682//674
f 2694//244 2686//244 2688//329 2696//329
f 2696//675 2688//675 2687//666 2695//666
f 2695//384 2687//384 2685//671 2693//671
f 2689//1 2697//1 2699//386 2691//386
f 2691//676 2699//676 2700//673 2692//673
f 2692//551 2700//551 2698//674 2690//674
f 2702//244 2694//244 2696//329 2704//329
f 2704//665 2696//665 2695//666 2703//666
f 2703//384 2695//384 2693//671 2701//671
f 2697//1 2705//1 2707//386 2699//386
f 2699//672 2707//672 2708//673 2700//673
f 2700//551 2708//551 2706//674 2698//674
f 2710//244 2702//244 2704//317 2712//317
f 2712//665 2704//665 2703//670 2711//670
f 2711//384 2703//384 2701//671 2709//671
f 2705//1 2713//1 2715//386 2707//386
f 2707//672 2715//672 2716//673 2708//673
f 2708//551 2716//551 2714//674 2706//674
f 2718//31 2710//31 2712//317 2720//317
f 2720//675 2712//675 2711//666 2719//666
f 2719//384 2711//384 2709//671 2717//671
f 2713//1 2721//1 2723//386 2715//386
f 2715//672 2723//672 2724//673 2716//673
f 2716//551 2724//551 2722//674 2714//674
f 2626//31 2718//31 2720//442 2631//567
f 2631//705 2720//507 2719//563 2635//563
f 2635//448 2719//448 2717//671 2627//671
f 2721//1 2725//1 2727//386 2723//386
f 2723//672 2727//672 2728//673 2724//673
f 2724//395 2728//395 2726//674 2722//674
f 2725//1 2729//1 2731//386 2727//386
f 2727//672 2731//672 2732//673 2728//673
f 2728//551 2732//551 2730//674 2726//674
f 2734//31 2639//31 2647//462 2736//462
f 2736//523 2647//708 2643//709 2735//545
f 2735//710 2643//458 2638//671 2733//671
f 2729//1 2737//1 2739//386 2731//386
f 2731//672 2739//672 2740//673 2732//673
f 2732//551 2740//551 2738//674 2730//674
f 2742//31 2734//31 2736//317 2744//317
f 2744//675 2736//675 2735//666 2743//666
f 2743//384 2735//384 2733//671 2741//671
f 2737//1 2745//1 2747//386 2739//386
f 2739//672 2747//672 2748//673 2740//673
f 2740//551 2748//551 2746//674 2738//674
f 2750//244 2742//244 2744//317 2752//317
f 2752//665 2744//665 2743//670 2751//670
f 2751//384 2743//384 2741//671 2749//671
f 2745//1 2753//1 2755//386 2747//386
f 2747//676 2755//676 2756//673 2748//673
f 2748//551 2756//551 2754//674 2746//674
f 2758//244 2750//244 2752//329 2760//329
f 2760//665 2752//665 2751//666 2759//666
f 2759//384 2751//384 2749//671 2757//671
f 2753//1 2761//1 2763//386 2755//386
f 2755//672 2763//672 2764//673 2756//673
f 2756//551 2764//551 2762//674 2754//674
f 2766//244 2758//244 2760//329 2768//329
f 2768//675 2760//675 2759//666 2767//666
f 2767//384 2759//384 2757//671 2765//671
f 2761//70 2769//70 2771//409 2763//409
f 2763//676 2771//676 2772//677 2764//677
f 2764//551 2772//551 2770//674 2762//674
f 2650//244 2766//31 2768//442 2655//567
f 2655//507 2768//507 2767//508 2659//508
f 2659//730 2767//730 2765//305 2651//305
f 2769//1 2773//1 2777//386 2771//386
f 2771//676 2777//676 2782//673 2772//673
f 2772//395 2782//395 2775//305 2770//305
f 2774//9 2662//9 2664//361 2779//361
f 2779//682 2664//682 2663//683 2783//683
f 2783//369 2663//369 2661//305 2775//305
f 1791//714 398//714 404//185 1798//185
f 1798//185 404//185 400//178 1793//178
f 1793//178 400//178 397//9 1789//9
f 1721//1 329//1 333//48 1724//48
f 1724//48 333//48 338//59 1728//59
f 1728//76 338//76 331//23 1722//23
f 725//1 2117//1 2121//2 728//2
f 728//2 2121//2 2126//755 732//755
f 732//6 2126//6 2119//9 726//9
f 2615//31 1222//31 1228//185 2622//185
f 2622//185 1228//185 1224//178 2617//178
f 2617//178 1224//178 1221//9 2613//9
f 2145//1 753//1 757//48 2148//48
f 2148//48 757//48 762//59 2152//59
f 2152//76 762//76 755//23 2146//23
f 1235//31 2626//31 2632//171 1242//171
f 1242//171 2632//171 2628//160 1237//160
f 1237//160 2628//160 2625//23 1233//23
f 1413//701 22//756 28//34 1416//34
f 1416//318 28//318 24//27 1420//27
f 1420//24 24//24 21//702 1414//757
f 2639//31 1246//31 1252//185 2646//185
f 2646//185 1252//185 1248//178 2641//178
f 2641//178 1248//178 1245//9 2637//9
f 1259//31 2650//31 2656//171 1266//171
f 1266//171 2656//171 2652//160 1261//160
f 1261//160 2652//160 2649//23 1257//23
f 835//23 2226//23 2232//59 842//59
f 842//59 2232//59 2228//758 837//758
f 837//48 2228//48 2225//1 833//1
f 2215//9 822//9 828//6 2222//6
f 2222//6 828//6 824//759 2217//759
f 2217//2 824//2 821//1 2213//1
f 1399//9 6//9 12//6 1406//6
f 1406//6 12//6 8//2 1401//2
f 1401//2 8//2 5//1 1397//1
f 1275//740 2665//760 2669//140 1282//140
f 1282//142 2669//142 2674//417 1277//417
f 1277//131 2674//131 2667//741 1273//761
f 773//9 2165//9 2169//178 776//178
f 776//178 2169//178 2174//762 780//762
f 780//185 2174//185 2167//31 774//31
f 1853//701 462//756 468//34 1856//34
f 1856//318 468//318 464//27 1860//27
f 1860//24 464//24 461//702 1854//757
f 855//714 2246//763 2252//129 862//129
f 862//86 2252//86 2248//362 857//362
f 857//79 2248//79 2245//713 853//713
f 1839//9 446//9 452//6 1846//6
f 1846//6 452//6 448//2 1841//2
f 1841//2 448//2 445//1 1837//1
f 2263//31 870//31 876//185 2270//185
f 2270//185 876//185 872//178 2265//178
f 2265//178 872//178 869//9 2261//9
f 883//31 2274//31 2280//171 890//171
f 890//171 2280//171 2276//160 885//160
f 885//160 2276//160 2273//23 881//23
f 1777//23 385//23 389//160 1780//160
f 1780//160 389//160 394//171 1784//171
f 1784//171 394//171 387//701 1778//701
f 75//23 1466//23 1472//59 82//59
f 82//59 1472//59 1468//48 77//48
f 77//48 1468//48 1465//1 73//1
f 499//23 1890//23 1896//59 506//59
f 506//59 1896//59 1892//48 501//48
f 501//48 1892//48 1889//1 497//1
f 1483//9 90//9 96//6 1490//6
f 1490//6 96//6 92//2 1485//2
f 1485//2 92//2 89//1 1481//1
f 519//714 1910//763 1916//129 526//129
f 526//86 1916//86 1912//362 521//362
f 521//79 1912//79 1909//713 517//764
f 931//740 2321//760 2325//140 938//140
f 938//142 2325//142 2330//417 933//417
f 933//131 2330//131 2323//741 929//761
f 147//23 1538//23 1544//59 154//59
f 154//59 1544//59 1540//48 149//48
f 149//48 1540//48 1537//1 145//1
f 167//714 1558//763 1564//129 174//129
f 174//86 1564//86 1560//362 169//362
f 169//79 1560//79 1557//713 165//764
f 1383//749 2774//765 2780//115 1390//115
f 1390//118 2780//118 2776//387 1385//387
f 1385//105 2776//105 2773//748 1381//766
f 983//749 2374//765 2380//115 990//115
f 990//118 2380//118 2376//387 985//387
f 985//105 2376//105 2373//748 981//766
f 579//740 1969//760 1973//140 586//140
f 586//142 1973//142 1978//417 581//417
f 581//131 1978//131 1971//741 577//741
f 591//9 1982//9 1988//115 598//115
f 598//118 1988//118 1984//387 593//387
f 593//105 1984//105 1981//748 589//748
f 2015//31 622//31 628//185 2022//185
f 2022//185 628//185 624//178 2017//178
f 2017//243 624//243 621//9 2013//9
f 635//31 2026//31 2032//171 642//171
f 642//171 2032//171 2028//160 637//160
f 637//160 2028//160 2025//23 633//23
f 1621//31 230//31 236//34 1624//34
f 1624//318 236//318 232//27 1628//27
f 1628//24 232//24 229//23 1622//23
f 2415//31 1022//31 1028//185 2422//185
f 2422//185 1028//185 1024//178 2417//178
f 2417//243 1024//243 1021//9 2413//9
f 1035//31 2426//31 2432//171 1042//171
f 1042//171 2432//171 2428//160 1037//160
f 1037//175 2428//175 2425//23 1033//23
f 1607//9 214//9 220//94 1614//94
f 1614//6 220//6 216//2 1609//2
f 1609//2 216//2 213//1 1605//1
f 659//31 2050//31 2056//171 666//171
f 666//767 2056//767 2052//160 661//160
f 661//160 2052//160 2049//23 657//23
f 259//749 1650//765 1656//115 266//115
f 266//118 1656//118 1652//387 261//387
f 261//105 1652//105 1649//748 257//748
f 1067//1 2457//1 2461//140 1074//140
f 1074//142 2461//142 2466//417 1069//417
f 1069//131 2466//131 2459//23 1065//23
f 271//31 1662//31 1668//129 278//129
f 278//86 1668//86 1664//362 273//362
f 273//79 1664//79 1661//713 269//713
f 683//740 2073//740 2077//140 690//140
f 690//142 2077//142 2082//417 685//417
f 685//131 2082//131 2075//23 681//23
f 699//23 2090//23 2096//59 706//59
f 706//59 2096//59 2092//48 701//48
f 701//48 2092//48 2089//1 697//1
f 291//740 1681//740 1685//140 298//140
f 298//142 1685//142 1690//417 293//417
f 293//131 1690//131 1683//741 289//761
f 1701//31 310//31 316//34 1704//34
f 1704//318 316//318 312//27 1708//27
f 1708//24 312//24 309//702 1702//702
f 1099//749 2490//749 2496//115 1106//115
f 1106//118 2496//118 2492//387 1101//387
f 1101//105 2492//105 2489//1 1097//1
f 1111//714 2502//714 2508//129 1118//129
f 1118//86 2508//86 2504//362 1113//362
f 1113//79 2504//79 2501//713 1109//764
f 2533//701 1142//768 1148//34 2536//34
f 2536//318 1148//318 1144//27 2540//27
f 2540//24 1144//24 1141//702 2534//702
f 2133//701 742//701 748//34 2136//34
f 2136//318 748//318 744//27 2140//27
f 2140//24 744//24 741//702 2134//757
f 1131//714 2522//763 2528//129 1138//129
f 1138//86 2528//86 2524//362 1133//362
f 1133//79 2524//79 2521//713 1129//713
f 1155//1 2545//1 2549//140 1162//140
f 1162//142 2549//142 2554//417 1157//417
f 1157//131 2554//131 2547//741 1153//741
f 2565//701 1174//701 1180//34 2568//34
f 2568//318 1180//318 1176//27 2572//27
f 2572//24 1176//24 1173//702 2566//757
f 351//31 1742//31 1748//129 358//129
f 358//86 1748//86 1744//362 353//362
f 353//79 1744//79 1741//9 349//9
f 1199//9 2590//9 2596//115 1206//115
f 1206//118 2596//118 2592//387 1201//387
f 1201//105 2592//105 2589//1 1197//1
f 21//23 2//23 1393//23 1414//23
f 1//14 23//14 18//14 7//14
f 177//14 1//14 7//14 182//14
f 2//23 178//23 1569//23 1393//23
f 181//9 6//9 1399//9 1574//9
f 7//14 18//14 38//14 33//14
f 5//1 34//1 1425//1 1397//1
f 37//31 17//31 1410//31 1430//31
f 17//31 22//31 1413//31 1410//31
f 33//14 38//14 46//14 41//14
f 34//1 42//1 1433//1 1425//1
f 45//31 37//31 1430//31 1438//31
f 41//14 46//14 54//14 49//14
f 42//1 50//1 1441//1 1433//1
f 53//31 45//31 1438//31 1446//31
f 49//14 54//14 62//14 57//14
f 50//1 58//1 1449//1 1441//1
f 61//31 53//31 1446//31 1454//31
f 57//14 62//14 70//14 65//14
f 58//1 66//1 1457//1 1449//1
f 69//31 61//31 1454//31 1462//31
f 65//14 70//14 86//14 74//14
f 66//1 73//1 1465//1 1457//1
f 85//31 69//31 1462//31 1478//31
f 74//14 86//14 102//14 91//14
f 185//14 74//14 91//14 190//14
f 75//23 186//23 1577//23 1466//23
f 101//31 85//31 1478//31 1494//31
f 189//9 90//9 1483//9 1582//9
f 91//14 102//14 110//14 105//14
f 89//1 106//1 1497//1 1481//1
f 109//31 101//31 1494//31 1502//31
f 105//14 110//14 118//14 113//14
f 106//1 114//1 1505//1 1497//1
f 117//31 109//31 1502//31 1510//31
f 113//14 118//14 126//14 121//14
f 114//1 122//1 1513//1 1505//1
f 125//31 117//31 1510//31 1518//31
f 121//14 126//14 134//14 129//14
f 122//1 130//1 1521//1 1513//1
f 133//31 125//31 1518//31 1526//31
f 129//14 134//14 142//14 137//14
f 130//1 138//1 1529//1 1521//1
f 141//31 133//31 1526//31 1534//31
f 137//14 142//14 158//14 146//14
f 138//1 145//1 1537//1 1529//1
f 157//31 141//31 1534//31 1550//31
f 146//14 158//14 166//14 162//14
f 193//14 146//14 162//14 198//14
f 147//23 194//23 1585//23 1538//23
f 167//31 157//31 1550//31 1558//31
f 197//9 161//9 1554//9 1590//9
f 161//9 165//9 1557//9 1554//9
f 201//14 177//14 182//14 206//14
f 178//23 202//23 1593//23 1569//23
f 205//9 181//9 1574//9 1598//9
f 281//14 185//14 190//14 286//14
f 186//23 282//23 1673//23 1577//23
f 285//9 189//9 1582//9 1678//9
f 361//14 193//14 198//14 366//14
f 194//23 362//23 1753//23 1585//23
f 365//9 197//9 1590//9 1758//9
f 369//14 201//14 206//14 374//14
f 202//23 370//23 1761//23 1593//23
f 373//9 205//9 1598//9 1766//9
f 229//23 210//23 1601//23 1622//23
f 209//14 231//14 226//14 215//14
f 377//14 209//14 215//14 382//14
f 210//23 378//23 1769//23 1601//23
f 381//9 214//9 1607//9 1774//9
f 215//14 226//14 246//14 241//14
f 213//1 242//1 1633//1 1605//1
f 245//31 225//31 1618//31 1638//31
f 225//31 230//31 1621//31 1618//31
f 241//14 246//14 254//14 249//14
f 242//1 250//1 1641//1 1633//1
f 253//31 245//31 1638//31 1646//31
f 249//14 254//14 270//14 258//14
f 250//1 257//1 1649//1 1641//1
f 271//31 253//31 1646//31 1662//31
f 259//9 269//9 1661//9 1650//9
f 386//14 281//14 286//14 399//14
f 282//23 385//23 1777//23 1673//23
f 397//9 285//9 1678//9 1789//9
f 309//23 289//23 1683//23 1702//23
f 290//14 311//14 306//14 301//14
f 291//1 302//1 1693//1 1681//1
f 301//14 306//14 326//14 321//14
f 302//1 322//1 1713//1 1693//1
f 325//31 305//31 1698//31 1718//31
f 305//31 310//31 1701//31 1698//31
f 321//14 326//14 342//14 330//14
f 322//1 329//1 1721//1 1713//1
f 341//31 325//31 1718//31 1734//31
f 330//14 342//14 350//14 346//14
f 409//14 330//14 346//14 414//14
f 331//23 410//23 1801//23 1722//23
f 351//31 341//31 1734//31 1742//31
f 413//9 345//9 1738//9 1806//9
f 345//9 349//9 1741//9 1738//9
f 417//14 361//14 366//14 422//14
f 362//23 418//23 1809//23 1753//23
f 421//9 365//9 1758//9 1814//9
f 425//14 369//14 374//14 430//14
f 370//23 426//23 1817//23 1761//23
f 429//9 373//9 1766//9 1822//9
f 433//14 377//14 382//14 438//14
f 378//23 434//23 1825//23 1769//23
f 437//9 381//9 1774//9 1830//9
f 481//14 386//14 399//14 485//14
f 473//14 478//14 386//14 481//14
f 387//31 477//31 1870//31 1778//31
f 485//14 399//14 494//14 489//14
f 493//31 398//31 1791//31 1886//31
f 529//14 409//14 414//14 534//14
f 410//23 530//23 1921//23 1801//23
f 533//9 413//9 1806//9 1926//9
f 537//14 417//14 422//14 542//14
f 418//23 538//23 1929//23 1809//23
f 541//9 421//9 1814//9 1934//9
f 545//14 425//14 430//14 550//14
f 426//23 546//23 1937//23 1817//23
f 549//9 429//9 1822//9 1942//9
f 553//14 433//14 438//14 558//14
f 434//23 554//23 1945//23 1825//23
f 557//9 437//9 1830//9 1950//9
f 461//23 442//23 1833//23 1854//23
f 441//14 463//14 458//14 447//14
f 561//14 441//14 447//14 566//14
f 442//23 562//23 1953//23 1833//23
f 565//9 446//9 1839//9 1958//9
f 447//14 458//14 478//14 473//14
f 445//1 474//1 1865//1 1837//1
f 477//31 457//31 1850//31 1870//31
f 457//31 462//31 1853//31 1850//31
f 474//1 482//1 1873//1 1865//1
f 482//1 486//1 1877//1 1873//1
f 486//1 490//1 1881//1 1877//1
f 489//14 494//14 510//14 498//14
f 490//1 497//1 1889//1 1881//1
f 509//31 493//31 1886//31 1902//31
f 498//14 510//14 518//14 514//14
f 569//14 498//14 514//14 574//14
f 499//23 570//23 1961//23 1890//23
f 519//31 509//31 1902//31 1910//31
f 573//9 513//9 1906//9 1966//9
f 513//9 517//9 1909//9 1906//9
f 578//14 529//14 534//14 590//14
f 530//23 577//23 1971//23 1921//23
f 591//9 533//9 1926//9 1982//9
f 601//14 537//14 542//14 606//14
f 538//23 602//23 1993//23 1929//23
f 605//9 541//9 1934//9 1998//9
f 609//14 545//14 550//14 614//14
f 546//23 610//23 2001//23 1937//23
f 613//9 549//9 1942//9 2006//9
f 617//14 553//14 558//14 623//14
f 554//23 618//23 2009//23 1945//23
f 621//9 557//9 1950//9 2013//9
f 634//14 561//14 566//14 646//14
f 562//23 633//23 2025//23 1953//23
f 645//9 565//9 1958//9 2038//9
f 649//14 569//14 574//14 654//14
f 570//23 650//23 2041//23 1961//23
f 653//9 573//9 1966//9 2046//9
f 579//1 589//1 1981//1 1969//1
f 658//14 601//14 606//14 670//14
f 602//23 657//23 2049//23 1993//23
f 669//9 605//9 1998//9 2062//9
f 673//14 609//14 614//14 678//14
f 610//23 674//23 2065//23 2001//23
f 677//9 613//9 2006//9 2070//9
f 682//14 617//14 623//14 693//14
f 618//23 681//23 2075//23 2009//23
f 693//14 623//14 634//14 698//14
f 635//31 622//31 2015//31 2026//31
f 698//14 634//14 646//14 710//14
f 709//9 645//9 2038//9 2102//9
f 713//14 649//14 654//14 718//14
f 650//23 714//23 2105//23 2041//23
f 717//9 653//9 2046//9 2110//9
f 754//14 658//14 670//14 766//14
f 727//14 738//14 658//14 754//14
f 659//31 737//31 2130//31 2050//31
f 765//9 669//9 2062//9 2158//9
f 769//14 673//14 678//14 775//14
f 674//23 770//23 2161//23 2065//23
f 773//9 677//9 2070//9 2165//9
f 683//1 694//1 2085//1 2073//1
f 694//1 697//1 2089//1 2085//1
f 785//14 698//14 710//14 790//14
f 699//23 786//23 2177//23 2090//23
f 789//9 709//9 2102//9 2182//9
f 793//14 713//14 718//14 798//14
f 714//23 794//23 2185//23 2105//23
f 797//9 717//9 2110//9 2190//9
f 741//23 722//23 2113//23 2134//23
f 721//14 743//14 738//14 727//14
f 801//14 721//14 727//14 806//14
f 722//23 802//23 2193//23 2113//23
f 805//9 726//9 2119//9 2198//9
f 725//1 753//1 2145//1 2117//1
f 737//31 742//31 2133//31 2130//31
f 809//14 754//14 766//14 814//14
f 755//23 810//23 2201//23 2146//23
f 813//9 765//9 2158//9 2206//9
f 817//14 769//14 775//14 823//14
f 770//23 818//23 2209//23 2161//23
f 823//14 775//14 846//14 834//14
f 845//31 774//31 2167//31 2238//31
f 865//14 785//14 790//14 871//14
f 786//23 866//23 2257//23 2177//23
f 869//9 789//9 2182//9 2261//9
f 882//14 793//14 798//14 894//14
f 794//23 881//23 2273//23 2185//23
f 893//9 797//9 2190//9 2286//9
f 897//14 801//14 806//14 902//14
f 802//23 898//23 2289//23 2193//23
f 901//9 805//9 2198//9 2294//9
f 905//14 809//14 814//14 910//14
f 810//23 906//23 2297//23 2201//23
f 909//9 813//9 2206//9 2302//9
f 913//14 817//14 823//14 918//14
f 818//23 914//23 2305//23 2209//23
f 917//9 822//9 2215//9 2310//9
f 821//1 833//1 2225//1 2213//1
f 834//14 846//14 854//14 850//14
f 921//14 834//14 850//14 926//14
f 835//23 922//23 2313//23 2226//23
f 855//31 845//31 2238//31 2246//31
f 925//9 849//9 2242//9 2318//9
f 849//9 853//9 2245//9 2242//9
f 930//14 865//14 871//14 941//14
f 866//23 929//23 2323//23 2257//23
f 941//14 871//14 950//14 945//14
f 949//31 870//31 2263//31 2342//31
f 977//14 882//14 894//14 982//14
f 969//14 974//14 882//14 977//14
f 883//31 973//31 2366//31 2274//31
f 983//9 893//9 2286//9 2374//9
f 993//14 897//14 902//14 998//14
f 898//23 994//23 2385//23 2289//23
f 997//9 901//9 2294//9 2390//9
f 1001//14 905//14 910//14 1006//14
f 906//23 1002//23 2393//23 2297//23
f 1005//9 909//9 2302//9 2398//9
f 1009//14 913//14 918//14 1014//14
f 914//23 1010//23 2401//23 2305//23
f 1013//9 917//9 2310//9 2406//9
f 1017//14 921//14 926//14 1023//14
f 922//23 1018//23 2409//23 2313//23
f 1021//9 925//9 2318//9 2413//9
f 931//1 942//1 2333//1 2321//1
f 942//1 946//1 2337//1 2333//1
f 945//14 950//14 958//14 953//14
f 946//1 954//1 2345//1 2337//1
f 957//31 949//31 2342//31 2350//31
f 953//14 958//14 966//14 961//14
f 954//1 962//1 2353//1 2345//1
f 965//31 957//31 2350//31 2358//31
f 961//14 966//14 974//14 969//14
f 962//1 970//1 2361//1 2353//1
f 973//31 965//31 2358//31 2366//31
f 970//1 978//1 2369//1 2361//1
f 978//1 981//1 2373//1 2369//1
f 1034//14 993//14 998//14 1046//14
f 994//23 1033//23 2425//23 2385//23
f 1045//9 997//9 2390//9 2438//9
f 1049//14 1001//14 1006//14 1054//14
f 1002//23 1050//23 2441//23 2393//23
f 1053//9 1005//9 2398//9 2446//9
f 1057//14 1009//14 1014//14 1062//14
f 1010//23 1058//23 2449//23 2401//23
f 1061//9 1013//9 2406//9 2454//9
f 1066//14 1017//14 1023//14 1077//14
f 1018//23 1065//23 2459//23 2409//23
f 1077//14 1023//14 1086//14 1081//14
f 1085//31 1022//31 2415//31 2478//31
f 1193//14 1034//14 1046//14 1198//14
f 1185//14 1190//14 1034//14 1193//14
f 1035//31 1189//31 2582//31 2426//31
f 1199//9 1045//9 2438//9 2590//9
f 1209//14 1049//14 1054//14 1214//14
f 1050//23 1210//23 2601//23 2441//23
f 1213//9 1053//9 2446//9 2606//9
f 1217//14 1057//14 1062//14 1223//14
f 1058//23 1218//23 2609//23 2449//23
f 1221//9 1061//9 2454//9 2613//9
f 1067//1 1078//1 2469//1 2457//1
f 1078//1 1082//1 2473//1 2469//1
f 1081//14 1086//14 1094//14 1089//14
f 1082//1 1090//1 2481//1 2473//1
f 1093//31 1085//31 2478//31 2486//31
f 1089//14 1094//14 1110//14 1098//14
f 1090//1 1097//1 2489//1 2481//1
f 1111//31 1093//31 2486//31 2502//31
f 1099//9 1109//9 2501//9 2490//9
f 1141//23 1122//23 2513//23 2534//23
f 1121//14 1143//14 1130//14 1126//14
f 1234//14 1121//14 1126//14 1247//14
f 1122//23 1233//23 2625//23 2513//23
f 1245//9 1125//9 2518//9 2637//9
f 1125//9 1129//9 2521//9 2518//9
f 1131//31 1142//31 2533//31 2522//31
f 1173//23 1153//23 2547//23 2566//23
f 1154//14 1175//14 1170//14 1165//14
f 1155//1 1166//1 2557//1 2545//1
f 1165//14 1170//14 1190//14 1185//14
f 1166//1 1186//1 2577//1 2557//1
f 1189//31 1169//31 2562//31 2582//31
f 1169//31 1174//31 2565//31 2562//31
f 1186//1 1194//1 2585//1 2577//1
f 1194//1 1197//1 2589//1 2585//1
f 1258//14 1209//14 1214//14 1270//14
f 1210//23 1257//23 2649//23 2601//23
f 1269//9 1213//9 2606//9 2662//9
f 1274//14 1217//14 1223//14 1285//14
f 1218//23 1273//23 2667//23 2609//23
f 1285//14 1223//14 1294//14 1289//14
f 1293//31 1222//31 2615//31 2686//31
f 1329//14 1234//14 1247//14 1333//14
f 1321//14 1326//14 1234//14 1329//14
f 1235//31 1325//31 2718//31 2626//31
f 1333//14 1247//14 1342//14 1337//14
f 1341//31 1246//31 2639//31 2734//31
f 1377//14 1258//14 1270//14 1382//14
f 1369//14 1374//14 1258//14 1377//14
f 1259//31 1373//31 2766//31 2650//31
f 1383//9 1269//9 2662//9 2774//9
f 1275//1 1286//1 2677//1 2665//1
f 1286//1 1290//1 2681//1 2677//1
f 1289//14 1294//14 1302//14 1297//14
f 1290//1 1298//1 2689//1 2681//1
f 1301//31 1293//31 2686//31 2694//31
f 1297//14 1302//14 1310//14 1305//14
f 1298//1 1306//1 2697//1 2689//1
f 1309//31 1301//31 2694//31 2702//31
f 1305//14 1310//14 1318//14 1313//14
f 1306//1 1314//1 2705//1 2697//1
f 1317//31 1309//31 2702//31 2710//31
f 1313//14 1318//14 1326//14 1321//14
f 1314//1 1322//1 2713//1 2705//1
f 1325//31 1317//31 2710//31 2718//31
f 1322//1 1330//1 2721//1 2713//1
f 1330//1 1334//1 2725//1 2721//1
f 1334//1 1338//1 2729//1 2725//1
f 1337//14 1342//14 1350//14 1345//14
f 1338//1 1346//1 2737//1 2729//1
f 1349//31 1341//31 2734//31 2742//31
f 1345//14 1350//14 1358//14 1353//14
f 1346//1 1354//1 2745//1 2737//1
f 1357//31 1349//31 2742//31 2750//31
f 1353//14 1358//14 1366//14 1361//14
f 1354//1 1362//1 2753//1 2745//1
f 1365//31 1357//31 2750//31 2758//31
f 1361//14 1366//14 1374//14 1369//14
f 1362//1 1370//1 2761//1 2753//1
f 1373//31 1365//31 2758//31 2766//31
f 1370//1 1378//1 2769//1 2761//1
f 1378//1 1381//1 2773//1 2769//1
f 1570//305 1573//305 1398//305 1394//305
f 1394//305 1398//305 1409//305 1415//305
f 1398//305 1426//305 1429//305 1409//305
f 1426//305 1434//305 1437//305 1429//305
f 1434//305 1442//305 1445//305 1437//305
f 1442//305 1450//305 1453//305 1445//305
f 1450//305 1458//305 1461//305 1453//305
f 1458//305 1467//305 1477//305 1461//305
f 1467//305 1482//305 1493//305 1477//305
f 1578//305 1581//305 1482//305 1467//305
f 1482//305 1498//305 1501//305 1493//305
f 1498//305 1506//305 1509//305 1501//305
f 1506//305 1514//305 1517//305 1509//305
f 1514//305 1522//305 1525//305 1517//305
f 1522//305 1530//305 1533//305 1525//305
f 1530//305 1539//305 1549//305 1533//305
f 1539//305 1553//305 1559//305 1549//305
f 1586//305 1589//305 1553//305 1539//305
f 1594//305 1597//305 1573//305 1570//305
f 1674//305 1677//305 1581//305 1578//305
f 1754//305 1757//305 1589//305 1586//305
f 1762//305 1765//305 1597//305 1594//305
f 1770//305 1773//305 1606//305 1602//305
f 1602//305 1606//305 1617//305 1623//305
f 1606//305 1634//305 1637//305 1617//305
f 1634//305 1642//305 1645//305 1637//305
f 1642//305 1651//305 1663//305 1645//305
f 1779//305 1790//305 1677//305 1674//305
f 1682//305 1694//305 1697//305 1703//305
f 1694//305 1714//305 1717//305 1697//305
f 1714//305 1723//305 1733//305 1717//305
f 1723//305 1737//305 1743//305 1733//305
f 1802//305 1805//305 1737//305 1723//305
f 1810//305 1813//305 1757//305 1754//305
f 1818//305 1821//305 1765//305 1762//305
f 1826//305 1829//305 1773//305 1770//305
f 1874//305 1878//305 1790//305 1779//305
f 1866//305 1874//305 1779//305 1869//305
f 1878//305 1882//305 1885//305 1790//305
f 1922//305 1925//305 1805//305 1802//305
f 1930//305 1933//305 1813//305 1810//305
f 1938//305 1941//305 1821//305 1818//305
f 1946//305 1949//305 1829//305 1826//305
f 1954//305 1957//305 1838//305 1834//305
f 1834//305 1838//305 1849//305 1855//305
f 1838//305 1866//305 1869//305 1849//305
f 1882//305 1891//305 1901//305 1885//305
f 1891//305 1905//305 1911//305 1901//305
f 1962//305 1965//305 1905//305 1891//305
f 1970//305 1983//305 1925//305 1922//305
f 1994//305 1997//305 1933//305 1930//305
f 2002//305 2005//305 1941//305 1938//305
f 2010//305 2014//305 1949//305 1946//305
f 2027//305 2037//305 1957//305 1954//305
f 2042//305 2045//305 1965//305 1962//305
f 2051//305 2061//305 1997//305 1994//305
f 2066//305 2069//305 2005//305 2002//305
f 2074//305 2086//305 2014//305 2010//305
f 2086//305 2091//305 2027//305 2014//305
f 2091//305 2101//305 2037//305 2027//305
f 2106//305 2109//305 2045//305 2042//305
f 2147//305 2157//305 2061//305 2051//305
f 2118//305 2147//305 2051//305 2129//305
f 2162//305 2166//305 2069//305 2066//305
f 2178//305 2181//305 2101//305 2091//305
f 2186//305 2189//305 2109//305 2106//305
f 2194//305 2197//305 2118//305 2114//305
f 2114//305 2118//305 2129//305 2135//305
f 2202//305 2205//305 2157//305 2147//305
f 2210//305 2214//305 2166//305 2162//305
f 2214//305 2227//305 2237//305 2166//305
f 2258//305 2262//305 2181//305 2178//305
f 2275//305 2285//305 2189//305 2186//305
f 2290//305 2293//305 2197//305 2194//305
f 2298//305 2301//305 2205//305 2202//305
f 2306//305 2309//305 2214//305 2210//305
f 2227//305 2241//305 2247//305 2237//305
f 2314//305 2317//305 2241//305 2227//305
f 2322//305 2334//305 2262//305 2258//305
f 2334//305 2338//305 2341//305 2262//305
f 2370//305 2375//305 2285//305 2275//305
f 2362//305 2370//305 2275//305 2365//305
f 2386//305 2389//305 2293//305 2290//305
f 2394//305 2397//305 2301//305 2298//305
f 2402//305 2405//305 2309//305 2306//305
f 2410//305 2414//305 2317//305 2314//305
f 2338//305 2346//305 2349//305 2341//305
f 2346//305 2354//305 2357//305 2349//305
f 2354//305 2362//305 2365//305 2357//305
f 2427//305 2437//305 2389//305 2386//305
f 2442//305 2445//305 2397//305 2394//305
f 2450//305 2453//305 2405//305 2402//305
f 2458//305 2470//305 2414//305 2410//305
f 2470//305 2474//305 2477//305 2414//305
f 2586//305 2591//305 2437//305 2427//305
f 2578//305 2586//305 2427//305 2581//305
f 2602//305 2605//305 2445//305 2442//305
f 2610//305 2614//305 2453//305 2450//305
f 2474//305 2482//305 2485//305 2477//305
f 2482//305 2491//305 2503//305 2485//305
f 2627//305 2638//305 2517//305 2514//305
f 2514//305 2517//305 2523//305 2535//305
f 2546//305 2558//305 2561//305 2567//305
f 2558//305 2578//305 2581//305 2561//305
f 2651//305 2661//305 2605//305 2602//305
f 2666//305 2678//305 2614//305 2610//305
f 2678//305 2682//305 2685//305 2614//305
f 2722//305 2726//305 2638//305 2627//305
f 2714//305 2722//305 2627//305 2717//305
f 2726//305 2730//305 2733//305 2638//305
f 2770//305 2775//305 2661//305 2651//305
f 2762//305 2770//305 2651//305 2765//305
f 2682//305 2690//305 2693//305 2685//305
f 2690//305 2698//305 2701//305 2693//305
f 2698//305 2706//305 2709//305 2701//305
f 2706//305 2714//305 2717//305 2709//305
f 2730//305 2738//305 2741//305 2733//305
f 2738//305 2746//305 2749//305 2741//305
f 2746//305 2754//305 2757//305 2749//305
f 2754//305 2762//305 2765//305 2757//305
